,Sample Size,Metric,Training Time,Running Time,Input_Item,Recommended_Item,Category,designer,exterior_color
0,12236,cosine,3.6445529460906982,23.947652101516724,"[8876, 'https://cdn.shopify.com/s/files/1/0384/0161/products/156356-102_20Louis_20Vuitton_20Louisette_20Stud_20Earrings_20Metal_20with_20Faux_20Pearls_2D_0002.jpg?v=1659733993']","[[4049, 'https://cdn.shopify.com/s/files/1/0384/0161/products/158792-18_20Chanel_20Vintage_20CC_20Heart_20Cut_20Out_20Drop_20Cli_2D_0002.jpg?v=1659736251'], [1443, 'https://cdn.shopify.com/s/files/1/0384/0161/products/146936-5_20Louis_20Vuitton_20Sunbird_20Handbag_20Limited_20Edition_20Monogram_20Lurex_20Canvas_2D_0002.jpg?v=1654289955'], [3719, 'https://cdn.shopify.com/s/files/1/0384/0161/products/143453-4_20Chanel_20Paris-Athens_20Owl_20Charms_20Tiered_20Nec_2D_0002.jpg?v=1651255477'], [4698, 'https://cdn.shopify.com/s/files/1/0384/0161/products/144492-8_20Chanel_20Camellia_20Hoop_20Earrings_2018K_20White_20G_2D_0002.jpg?v=1657911339'], [2933, 'https://cdn.shopify.com/s/files/1/0384/0161/products/145258-9_20Tiffany_20_26_20Co._20Metro_20Hoop_20Earrings_2018K_20Whi_2D_0002.jpg?v=1657904708'], [5849, 'https://cdn.shopify.com/s/files/1/0384/0161/products/168681-1_20Chanel_20Logo_20Charms_20Chain_20Statement_20Neckla_2D_0002.jpg?v=1663968196'], [3723, 'https://cdn.shopify.com/s/files/1/0384/0161/products/142024-23_20Chanel_20CC_20Ball_20Station_20Multi_20Strand_20Long_2D_0002.jpg?v=1651255612'], [1815, 'https://cdn.shopify.com/s/files/1/0384/0161/products/153716-1_20Tiffany_20_26_20Co._20Cobblestone_20Stud_20Earrings_20P_2D_0002.jpg?v=1655486275'], [5141, 'https://cdn.shopify.com/s/files/1/0384/0161/products/142024-21_20Chanel_20Paris-Cosmopolite_20CC_20Knot_20Multi_20C_2D_0002.jpg?v=1651256233'], [2545, 'https://cdn.shopify.com/s/files/1/0384/0161/products/126665-1_20Tiffany_20_26_20Co._20Paper_20Flowers_20Cluster_20Stud_2D_0002.jpg?v=1645228627']]",0.5,0.1,0.6
1,12236,euclidean,2.5765180587768555,38.41614890098572,"[8876, 'https://cdn.shopify.com/s/files/1/0384/0161/products/156356-102_20Louis_20Vuitton_20Louisette_20Stud_20Earrings_20Metal_20with_20Faux_20Pearls_2D_0002.jpg?v=1659733993']","[[9881, 'https://cdn.shopify.com/s/files/1/0384/0161/products/133052-24_20Chanel_20Vintage_20Round_20CC_20Clip-On_20Earrings_2D_0002.jpg?v=1653072547'], [9864, 'https://cdn.shopify.com/s/files/1/0384/0161/products/135422-187_20Chanel_20Vintage_20CC_20Round_20Brooch_20Quilted_2D_0002.jpg?v=1653066639'], [9851, 'https://cdn.shopify.com/s/files/1/0384/0161/products/135422-90_20Chanel_20CC_20Dangle_20Earrings_20Crystal_20Embellished_20Metal_20with_20Faux_20Pearls_2D_0002.jpg?v=1653676599'], [11208, 'https://cdn.shopify.com/s/files/1/0384/0161/products/155951-1_20Louis_20Vuitton_20Dali_20Cat_20Eye_20Sunglasses_20Met_2D_0002.jpg?v=1659290042'], [10697, 'https://cdn.shopify.com/s/files/1/0384/0161/products/156356-163_20Christian_20Dior_20Kenny_20Scharf_20Logo_20Signat_2D_0002.jpg?v=1659738784'], [10853, 'https://cdn.shopify.com/s/files/1/0384/0161/products/172462-1_20Tiffany_20_26_20Co._20Return_20To_20Tiffany_20Oval_20Tag_2D_0002.jpg?v=1663970530'], [8572, 'https://cdn.shopify.com/s/files/1/0384/0161/products/162432-2_20David_20Yurman_20Cable_20Classic_20Bracelet_20Sterl_2D_0002.jpg?v=1659287862'], [9940, 'https://cdn.shopify.com/s/files/1/0384/0161/products/141584-2_20David_20Yurman_20Wheaton_20Ring_20Sterling_20Silver_2D_0002.jpg?v=1651857023'], [8894, 'https://cdn.shopify.com/s/files/1/0384/0161/products/138633-279_20Louis_20Vuitton_20Blooming_20Flowers_20Chain_20Bag_20Charm_20and_20Key_20Holder_20Brass_20with_20Monogram_20Canvas_2D_0002.jpg?v=1659736055'], [10431, 'https://cdn.shopify.com/s/files/1/0384/0161/products/125209-348_20Chanel_20CC_20Scrunchie_20Metal_20and_20Leather_2D_0002.jpg?v=1649954175']]",0.2,0.2,0.3
2,12236,manhattan,1.9817638397216797,52.35521078109741,"[8876, 'https://cdn.shopify.com/s/files/1/0384/0161/products/156356-102_20Louis_20Vuitton_20Louisette_20Stud_20Earrings_20Metal_20with_20Faux_20Pearls_2D_0002.jpg?v=1659733993']","[[9881, 'https://cdn.shopify.com/s/files/1/0384/0161/products/133052-24_20Chanel_20Vintage_20Round_20CC_20Clip-On_20Earrings_2D_0002.jpg?v=1653072547'], [9864, 'https://cdn.shopify.com/s/files/1/0384/0161/products/135422-187_20Chanel_20Vintage_20CC_20Round_20Brooch_20Quilted_2D_0002.jpg?v=1653066639'], [9851, 'https://cdn.shopify.com/s/files/1/0384/0161/products/135422-90_20Chanel_20CC_20Dangle_20Earrings_20Crystal_20Embellished_20Metal_20with_20Faux_20Pearls_2D_0002.jpg?v=1653676599'], [10491, 'https://cdn.shopify.com/s/files/1/0384/0161/products/122912-105_20Chanel_20Vintage_20Round_20CC_20Clip-On_20Earring_2D_0002.jpg?v=1648492988'], [11208, 'https://cdn.shopify.com/s/files/1/0384/0161/products/155951-1_20Louis_20Vuitton_20Dali_20Cat_20Eye_20Sunglasses_20Met_2D_0002.jpg?v=1659290042'], [9940, 'https://cdn.shopify.com/s/files/1/0384/0161/products/141584-2_20David_20Yurman_20Wheaton_20Ring_20Sterling_20Silver_2D_0002.jpg?v=1651857023'], [10853, 'https://cdn.shopify.com/s/files/1/0384/0161/products/172462-1_20Tiffany_20_26_20Co._20Return_20To_20Tiffany_20Oval_20Tag_2D_0002.jpg?v=1663970530'], [10697, 'https://cdn.shopify.com/s/files/1/0384/0161/products/156356-163_20Christian_20Dior_20Kenny_20Scharf_20Logo_20Signat_2D_0002.jpg?v=1659738784'], [8572, 'https://cdn.shopify.com/s/files/1/0384/0161/products/162432-2_20David_20Yurman_20Cable_20Classic_20Bracelet_20Sterl_2D_0002.jpg?v=1659287862'], [10108, 'https://cdn.shopify.com/s/files/1/0384/0161/products/151627-40_20Louis_20Vuitton_20Vegas_20Multi-Chain_20Logo_20Bracelet_20Metal_2D_0002.jpg?v=1660332031']]",0.3,0.2,0.5
3,12236,cosine,1.9819579124450684,21.373164176940918,"[1567, 'https://cdn.shopify.com/s/files/1/0384/0161/products/152237-1_20Louis_20Vuitton_20Soufflot_20Tote_20Monogram_20Canvas_20BB_2D_0002.jpg?v=1654879313']","[[2776, 'https://cdn.shopify.com/s/files/1/0384/0161/products/154038-110_20Louis_20Vuitton_20Soufflot_20Tote_20Monogram_20Canvas_20BB_2D_0002.jpg?v=1657896646'], [2789, 'https://cdn.shopify.com/s/files/1/0384/0161/products/154038-352_20Louis_20Vuitton_20Soufflot_20Tote_20Monogram_20Canvas_20BB_2D_0002.jpg?v=1657897010'], [2756, 'https://cdn.shopify.com/s/files/1/0384/0161/products/149902-419_20Louis_20Vuitton_20Soufflot_20Tote_20Monogram_20Canvas_20BB_2D_0002.jpg?v=1657895460'], [2125, 'https://cdn.shopify.com/s/files/1/0384/0161/products/152414-1_20Louis_20Vuitton_20Soufflot_20Tote_20Monogram_20Canvas_20BB_2D_0002.jpg?v=1656688025'], [5379, 'https://cdn.shopify.com/s/files/1/0384/0161/products/117032-56_20Louis_20Vuitton_20Soufflot_20Tote_20Monogram_20Can_2D_0002.jpg?v=1646060076'], [1534, 'https://cdn.shopify.com/s/files/1/0384/0161/products/150970-1_20Louis_20Vuitton_20Soufflot_20Tote_20Monogram_20Canvas_20BB_2D_0002.jpg?v=1654876109'], [2713, 'https://cdn.shopify.com/s/files/1/0384/0161/products/159313-1_20Louis_20Vuitton_20Cannes_20Handbag_20Reverse_20Mono_2D_0002.jpg?v=1657303367'], [495, 'https://cdn.shopify.com/s/files/1/0384/0161/products/137607-1_20Louis_20Vuitton_20Soufflot_20Tote_20Monogram_20Canv_2D_0002.jpg?v=1649950153'], [5771, 'https://cdn.shopify.com/s/files/1/0384/0161/products/172871-2_20Louis_20Vuitton_20Stories_20Box_20Bag_20Limited_20Edition_20Patches_20Damier_2D_0002.jpg?v=1663962402'], [4627, 'https://cdn.shopify.com/s/files/1/0384/0161/products/168532-1_20Louis_20Vuitton_20Cannes_20Handbag_20Reverse_20Monogram_20Canvas_2D_0002.jpg?v=1661523759']]",1.0,1.0,1.0
4,12236,euclidean,2.1585941314697266,35.17040181159973,"[1567, 'https://cdn.shopify.com/s/files/1/0384/0161/products/152237-1_20Louis_20Vuitton_20Soufflot_20Tote_20Monogram_20Canvas_20BB_2D_0002.jpg?v=1654879313']","[[1534, 'https://cdn.shopify.com/s/files/1/0384/0161/products/150970-1_20Louis_20Vuitton_20Soufflot_20Tote_20Monogram_20Canvas_20BB_2D_0002.jpg?v=1654876109'], [5403, 'https://cdn.shopify.com/s/files/1/0384/0161/products/166997-342_20Louis_20Vuitton_20Retiro_20NM_20Handbag_20Monogram_20Canvas_2D_0002.jpg?v=1663352060'], [2366, 'https://cdn.shopify.com/s/files/1/0384/0161/products/138633-132_20Louis_20Vuitton_20Fold_20Tote_20Monogram_20Canvas_20and_20Leather_20MM_2D_0002.jpg?v=1653056279'], [1827, 'https://cdn.shopify.com/s/files/1/0384/0161/products/154698-1_20Louis_20Vuitton_20Rivoli_20Handbag_20Damier_20MM_2D_0002.jpg?v=1655488101'], [2368, 'https://cdn.shopify.com/s/files/1/0384/0161/products/138633-135_20Louis_20Vuitton_20V_20Tote_20Monogram_20Canvas_20and_20Leather_20MM_2D_0002.jpg?v=1653056290'], [1477, 'https://cdn.shopify.com/s/files/1/0384/0161/products/135422-98_20Louis_20Vuitton_20Palm_20Springs_20Backpack_20Monogram_20Canvas_20PM_2D_0002.jpg?v=1654872121'], [1228, 'https://cdn.shopify.com/s/files/1/0384/0161/products/134616-1_20Louis_20Vuitton_20Vavin_20Handbag_20Damier_20with_20L_2D_0002.jpg?v=1648482227'], [2331, 'https://cdn.shopify.com/s/files/1/0384/0161/products/146185-1_20Gucci_20Horsebit_201955_20Shoulder_20Bag_20GG_20Coated_20Canvas_20Small_2D_0002.jpg?v=1653672362'], [1901, 'https://cdn.shopify.com/s/files/1/0384/0161/products/134333-388_20Louis_20Vuitton_20Alma_20Handbag_20Malletage_20Leather_20BB_2D_0002.jpg?v=1656078972'], [4243, 'https://cdn.shopify.com/s/files/1/0384/0161/products/165625-1_20Louis_20Vuitton_20Kleber_20Handbag_20Epi_20Leather_20PM_2D_0002.jpg?v=1660338093']]",0.1,0.9,0.5
5,12236,manhattan,2.122990846633911,50.74172616004944,"[1567, 'https://cdn.shopify.com/s/files/1/0384/0161/products/152237-1_20Louis_20Vuitton_20Soufflot_20Tote_20Monogram_20Canvas_20BB_2D_0002.jpg?v=1654879313']","[[1534, 'https://cdn.shopify.com/s/files/1/0384/0161/products/150970-1_20Louis_20Vuitton_20Soufflot_20Tote_20Monogram_20Canvas_20BB_2D_0002.jpg?v=1654876109'], [5379, 'https://cdn.shopify.com/s/files/1/0384/0161/products/117032-56_20Louis_20Vuitton_20Soufflot_20Tote_20Monogram_20Can_2D_0002.jpg?v=1646060076'], [5403, 'https://cdn.shopify.com/s/files/1/0384/0161/products/166997-342_20Louis_20Vuitton_20Retiro_20NM_20Handbag_20Monogram_20Canvas_2D_0002.jpg?v=1663352060'], [1477, 'https://cdn.shopify.com/s/files/1/0384/0161/products/135422-98_20Louis_20Vuitton_20Palm_20Springs_20Backpack_20Monogram_20Canvas_20PM_2D_0002.jpg?v=1654872121'], [1827, 'https://cdn.shopify.com/s/files/1/0384/0161/products/154698-1_20Louis_20Vuitton_20Rivoli_20Handbag_20Damier_20MM_2D_0002.jpg?v=1655488101'], [2368, 'https://cdn.shopify.com/s/files/1/0384/0161/products/138633-135_20Louis_20Vuitton_20V_20Tote_20Monogram_20Canvas_20and_20Leather_20MM_2D_0002.jpg?v=1653056290'], [1228, 'https://cdn.shopify.com/s/files/1/0384/0161/products/134616-1_20Louis_20Vuitton_20Vavin_20Handbag_20Damier_20with_20L_2D_0002.jpg?v=1648482227'], [2366, 'https://cdn.shopify.com/s/files/1/0384/0161/products/138633-132_20Louis_20Vuitton_20Fold_20Tote_20Monogram_20Canvas_20and_20Leather_20MM_2D_0002.jpg?v=1653056279'], [2133, 'https://cdn.shopify.com/s/files/1/0384/0161/products/153293-5_20Gucci_20Dionysus_20Bag_20GG_20Coated_20Canvas_20Small_2D_0002.jpg?v=1656688453'], [4243, 'https://cdn.shopify.com/s/files/1/0384/0161/products/165625-1_20Louis_20Vuitton_20Kleber_20Handbag_20Epi_20Leather_20PM_2D_0002.jpg?v=1660338093']]",0.2,0.9,0.7
6,12236,cosine,2.093315839767456,22.209073305130005,"[11849, 'https://cdn.shopify.com/s/files/1/0384/0161/products/138149-27_20Chanel_20Classic_20Single_20Flap_20Bag_20Quilted_20Tweed_20Mini_2D_0002.jpg?v=1653073356']","[[11994, 'https://cdn.shopify.com/s/files/1/0384/0161/products/150722-1_20Chanel_20Classic_20Double_20Flap_20Bag_20Quilted_20Caviar_20Jumbo_2D_0002.jpg?v=1654287231'], [11806, 'https://cdn.shopify.com/s/files/1/0384/0161/products/118037-38_20Chanel_20Classic_20Double_20Flap_20Bag_20Quilted_20C_2D_0002.jpg?v=1647275137'], [11781, 'https://cdn.shopify.com/s/files/1/0384/0161/products/123099-1_20Hermes_20Lindy_20Bag_20Clemence_2026_2D_0002.jpg?v=1644015786'], [11805, 'https://cdn.shopify.com/s/files/1/0384/0161/products/118037-31_20Chanel_20Classic_20Double_20Flap_20Bag_20Quilted_20Iridescent_20Caviar_20Medium_2D_0002.jpg?v=1646069135'], [12008, 'https://cdn.shopify.com/s/files/1/0384/0161/products/149492-1_20Chanel_20Classic_20Double_20Flap_20Bag_20Alligator_20Jumbo_2D_0002.jpg?v=1654290989'], [12181, 'https://cdn.shopify.com/s/files/1/0384/0161/products/144848-4_20Chanel_20Classic_20Double_20Flap_20Bag_20Quilted_20Caviar_20Jumbo_2D_0002.jpg?v=1655483624'], [11947, 'https://cdn.shopify.com/s/files/1/0384/0161/products/147401-1_20Chanel_20Classic_20Double_20Flap_20Bag_20Quilted_20Caviar_20Jumbo_2D_0002.jpg?v=1654278850'], [11949, 'https://cdn.shopify.com/s/files/1/0384/0161/products/148283-1_20Chanel_20Classic_20Double_20Flap_20Bag_20Quilted_20Caviar_20Jumbo_2D_0002.jpg?v=1654279216'], [12162, 'https://cdn.shopify.com/s/files/1/0384/0161/products/153540-1_20Chanel_20Classic_20Double_20Flap_20Bag_20Quilted_20Caviar_20Medium_2D_0002.jpg?v=1655481495'], [12175, 'https://cdn.shopify.com/s/files/1/0384/0161/products/153969-1_20Chanel_20Classic_20Double_20Flap_20Bag_20Quilted_20Caviar_20Medium_2D_0002.jpg?v=1655482826']]",1.0,0.9,0.1
7,12236,euclidean,2.1228437423706055,36.74394130706787,"[11849, 'https://cdn.shopify.com/s/files/1/0384/0161/products/138149-27_20Chanel_20Classic_20Single_20Flap_20Bag_20Quilted_20Tweed_20Mini_2D_0002.jpg?v=1653073356']","[[11922, 'https://cdn.shopify.com/s/files/1/0384/0161/products/136239-3_20Hermes_20Birkin_20Amulette_20Pendant_20Necklace_201_2D_0002.jpg?v=1653683072'], [11837, 'https://cdn.shopify.com/s/files/1/0384/0161/products/135405-10_20Chanel_20Paris-Hamburg_20Double_20Camera_20Case_20Bag_20Chevron_20and_20Diamond_20Quilted_20Calfskin_20Medium_2D_0002.jpg?v=1653065946'], [11672, 'https://cdn.shopify.com/s/files/1/0384/0161/products/142024-3_20Chanel_20Boy_20Flap_20Bag_20Quilted_20Gentle_20Iridescent_20Calfskin_20XL_2D_0002.jpg?v=1651247081'], [12217, 'https://cdn.shopify.com/s/files/1/0384/0161/products/145429-67_20Christian_20Dior_20Dioraddict_20Flap_20Bag_20with_20Strap_20Oblique_20Canvas_20Medium_2D_0002.jpg?v=1655486969'], [11821, 'https://cdn.shopify.com/s/files/1/0384/0161/products/135991-20_20Chanel_20CC_20Top_20Handle_20Bucket_20Bag_20Stitched_20Calfskin_20Large_2D_0002.jpg?v=1653057478'], [12168, 'https://cdn.shopify.com/s/files/1/0384/0161/products/134333-347_20Christian_20Dior_20Saddle_20Crossbody_20Bag_20Leather_2D_0002.jpg?v=1655482114'], [11635, 'https://cdn.shopify.com/s/files/1/0384/0161/products/140976-1_20Chanel_20Urban_20Spirit_20Backpack_20Quilted_20Lambskin_20Small_2D_0002.jpg?v=1650912694'], [11465, 'https://cdn.shopify.com/s/files/1/0384/0161/products/129786-1_20Chanel_20Gabrielle_20Hobo_20Quilted_20Aged_20Calfskin_20Small_2D_0002.jpg?v=1646677274'], [12111, 'https://cdn.shopify.com/s/files/1/0384/0161/products/141753-6_20Louis_20Vuitton_20Sac_20Plat_20Bag_20Monogram_20Mirror_20Coated_20Canvas_2D_0002.jpg?v=1654887901'], [11855, 'https://cdn.shopify.com/s/files/1/0384/0161/products/126653-4_20Chanel_20Bicolor_20Classic_20Single_20Flap_20Bag_20Quilted_20Patent_20Mini_2D_0002.jpg?v=1645120687']]",0.3,0.6,0.0
8,12236,manhattan,2.2503533363342285,52.94585824012756,"[11849, 'https://cdn.shopify.com/s/files/1/0384/0161/products/138149-27_20Chanel_20Classic_20Single_20Flap_20Bag_20Quilted_20Tweed_20Mini_2D_0002.jpg?v=1653073356']","[[11837, 'https://cdn.shopify.com/s/files/1/0384/0161/products/135405-10_20Chanel_20Paris-Hamburg_20Double_20Camera_20Case_20Bag_20Chevron_20and_20Diamond_20Quilted_20Calfskin_20Medium_2D_0002.jpg?v=1653065946'], [11672, 'https://cdn.shopify.com/s/files/1/0384/0161/products/142024-3_20Chanel_20Boy_20Flap_20Bag_20Quilted_20Gentle_20Iridescent_20Calfskin_20XL_2D_0002.jpg?v=1651247081'], [11922, 'https://cdn.shopify.com/s/files/1/0384/0161/products/136239-3_20Hermes_20Birkin_20Amulette_20Pendant_20Necklace_201_2D_0002.jpg?v=1653683072'], [11821, 'https://cdn.shopify.com/s/files/1/0384/0161/products/135991-20_20Chanel_20CC_20Top_20Handle_20Bucket_20Bag_20Stitched_20Calfskin_20Large_2D_0002.jpg?v=1653057478'], [12217, 'https://cdn.shopify.com/s/files/1/0384/0161/products/145429-67_20Christian_20Dior_20Dioraddict_20Flap_20Bag_20with_20Strap_20Oblique_20Canvas_20Medium_2D_0002.jpg?v=1655486969'], [12168, 'https://cdn.shopify.com/s/files/1/0384/0161/products/134333-347_20Christian_20Dior_20Saddle_20Crossbody_20Bag_20Leather_2D_0002.jpg?v=1655482114'], [11635, 'https://cdn.shopify.com/s/files/1/0384/0161/products/140976-1_20Chanel_20Urban_20Spirit_20Backpack_20Quilted_20Lambskin_20Small_2D_0002.jpg?v=1650912694'], [11465, 'https://cdn.shopify.com/s/files/1/0384/0161/products/129786-1_20Chanel_20Gabrielle_20Hobo_20Quilted_20Aged_20Calfskin_20Small_2D_0002.jpg?v=1646677274'], [11855, 'https://cdn.shopify.com/s/files/1/0384/0161/products/126653-4_20Chanel_20Bicolor_20Classic_20Single_20Flap_20Bag_20Quilted_20Patent_20Mini_2D_0002.jpg?v=1645120687'], [12111, 'https://cdn.shopify.com/s/files/1/0384/0161/products/141753-6_20Louis_20Vuitton_20Sac_20Plat_20Bag_20Monogram_20Mirror_20Coated_20Canvas_2D_0002.jpg?v=1654887901']]",0.3,0.6,0.0
9,12236,cosine,2.0719380378723145,21.45219874382019,"[6522, 'https://cdn.shopify.com/s/files/1/0384/0161/products/117583-1_20Valentino_20Rockstud_20Zip_20Around_20Wallet_20Leat_2D_0002.jpg?v=1641835969']","[[9126, 'https://cdn.shopify.com/s/files/1/0384/0161/products/100363-106_20Louis_20Vuitton_20Bifold_20Wallet_20Epi_20Leather_20Compact_2D_0002.jpg?v=1637281609'], [6751, 'https://cdn.shopify.com/s/files/1/0384/0161/products/131300-3LouisVuittonBifoldWalletTaigaLeatherCompac_2D_0004.jpg?v=1647293298'], [9393, 'https://cdn.shopify.com/s/files/1/0384/0161/products/167592-2_20Gucci_20Zip_20Around_20Wallet_20_Outlet_20Microguccissima_20Leather_20Long_2D_0002.jpg?v=1660942752'], [10961, 'https://cdn.shopify.com/s/files/1/0384/0161/products/174720-1_20Louis_20Vuitton_20Zip_20Key_20Pouch_20Monogram_20Empreinte_20Leather_2D_0002.jpg?v=1664567666'], [7971, 'https://cdn.shopify.com/s/files/1/0384/0161/products/136885-1_20Louis_20Vuitton_20Brazza_20Wallet_20Epi_20Leather_2D_0002.jpg?v=1649352054'], [8934, 'https://cdn.shopify.com/s/files/1/0384/0161/products/159680-18_20Hermes_20Calvi_20Card_20Holder_20Chevre_20Mysore_2D_0002.jpg?v=1659741644'], [9660, 'https://cdn.shopify.com/s/files/1/0384/0161/products/163115-107_20Bvlgari_20Serpenti_20Forever_20Wallet_20Leather_20Compact_2D_0002.jpg?v=1662146913'], [10970, 'https://cdn.shopify.com/s/files/1/0384/0161/products/174233-1_20Louis_20Vuitton_20Felicie_20Card_20Holder_20Insert_20Leather_2D_0002.jpg?v=1664568056'], [6742, 'https://cdn.shopify.com/s/files/1/0384/0161/products/131051-1_20Louis_20Vuitton_20Zippy_20Wallet_20Epi_20Leather_2D_0002.jpg?v=1647284543'], [7269, 'https://cdn.shopify.com/s/files/1/0384/0161/products/149398-1_20Louis_20Vuitton_20Zippy_20Wallet_20Damier_20Infini_20Leather_20Vertical_2D_0002.jpg?v=1653071515']]",1.0,0.0,1.0
10,12236,euclidean,1.9178009033203125,34.46375489234924,"[6522, 'https://cdn.shopify.com/s/files/1/0384/0161/products/117583-1_20Valentino_20Rockstud_20Zip_20Around_20Wallet_20Leat_2D_0002.jpg?v=1641835969']","[[6486, 'https://cdn.shopify.com/s/files/1/0384/0161/products/84669-243_20Bottega_20Veneta_20Trifold_20Coin_20Purse_20Intrec_2D_0002.jpg?v=1637168621'], [7168, 'https://cdn.shopify.com/s/files/1/0384/0161/products/144853-3_20Louis_20Vuitton_204_20Key_20Holder_20Taiga_20Leather_2D_0002.jpg?v=1651863506'], [7016, 'https://cdn.shopify.com/s/files/1/0384/0161/products/140969-2_20Hermes_20Bastia_20Coin_20Purse_20Leather_2D_0002.jpg?v=1650910022'], [6664, 'https://cdn.shopify.com/s/files/1/0384/0161/products/128797-3_20Louis_20Vuitton_204_20Key_20Holder_20Epi_20Leather_2D_0002.jpg?v=1646076435'], [6508, 'https://cdn.shopify.com/s/files/1/0384/0161/products/115724-3_20Gucci_206_20Key_20Holder_20GG_20Embossed_20Perforated_20Leather_2D_0002.jpg?v=1640629908'], [6830, 'https://cdn.shopify.com/s/files/1/0384/0161/products/134507-1_20Louis_20Vuitton_204_20Key_20Holder_20Taiga_20Leather_2D_0002.jpg?v=1648489018'], [7505, 'https://cdn.shopify.com/s/files/1/0384/0161/products/150894-1_20Louis_20Vuitton_20Luggage_20Tag_20Monogram_20Canvas_2D_0002.jpg?v=1654286125'], [6548, 'https://cdn.shopify.com/s/files/1/0384/0161/products/118729-2_20Bottega_20Veneta_20Intrecciato_20Buckle_20Belt_20Leather_20Medium_2D_0002.jpg?v=1643648332'], [6484, 'https://cdn.shopify.com/s/files/1/0384/0161/products/100866-404_20Hermes_20Le_2024_20Coin_20Purse_20Leather_2D_0002.jpg?v=1637167309'], [6463, 'https://cdn.shopify.com/s/files/1/0384/0161/products/106078-2_20Fendi_20Mini_20Strap_20You_20Short_20Shoulder_20Strap_2D_0002.jpg?v=1636397816']]",0.6,0.0,0.3
11,12236,manhattan,1.9251298904418945,49.22569298744202,"[6522, 'https://cdn.shopify.com/s/files/1/0384/0161/products/117583-1_20Valentino_20Rockstud_20Zip_20Around_20Wallet_20Leat_2D_0002.jpg?v=1641835969']","[[6486, 'https://cdn.shopify.com/s/files/1/0384/0161/products/84669-243_20Bottega_20Veneta_20Trifold_20Coin_20Purse_20Intrec_2D_0002.jpg?v=1637168621'], [7168, 'https://cdn.shopify.com/s/files/1/0384/0161/products/144853-3_20Louis_20Vuitton_204_20Key_20Holder_20Taiga_20Leather_2D_0002.jpg?v=1651863506'], [6664, 'https://cdn.shopify.com/s/files/1/0384/0161/products/128797-3_20Louis_20Vuitton_204_20Key_20Holder_20Epi_20Leather_2D_0002.jpg?v=1646076435'], [6508, 'https://cdn.shopify.com/s/files/1/0384/0161/products/115724-3_20Gucci_206_20Key_20Holder_20GG_20Embossed_20Perforated_20Leather_2D_0002.jpg?v=1640629908'], [6830, 'https://cdn.shopify.com/s/files/1/0384/0161/products/134507-1_20Louis_20Vuitton_204_20Key_20Holder_20Taiga_20Leather_2D_0002.jpg?v=1648489018'], [7016, 'https://cdn.shopify.com/s/files/1/0384/0161/products/140969-2_20Hermes_20Bastia_20Coin_20Purse_20Leather_2D_0002.jpg?v=1650910022'], [6548, 'https://cdn.shopify.com/s/files/1/0384/0161/products/118729-2_20Bottega_20Veneta_20Intrecciato_20Buckle_20Belt_20Leather_20Medium_2D_0002.jpg?v=1643648332'], [7505, 'https://cdn.shopify.com/s/files/1/0384/0161/products/150894-1_20Louis_20Vuitton_20Luggage_20Tag_20Monogram_20Canvas_2D_0002.jpg?v=1654286125'], [6678, 'https://cdn.shopify.com/s/files/1/0384/0161/products/72170-126_20Fendi_20Zip_20Around_20Pouch_20Pequin_20Coated_20Can_2D_0002.jpg?v=1612803563'], [6463, 'https://cdn.shopify.com/s/files/1/0384/0161/products/106078-2_20Fendi_20Mini_20Strap_20You_20Short_20Shoulder_20Strap_2D_0002.jpg?v=1636397816']]",0.5,0.0,0.4
12,12236,cosine,2.158958673477173,20.738556146621704,"[11975, 'https://cdn.shopify.com/s/files/1/0384/0161/products/150808-1_20Hermes_20Amulettes_20Constance_20Pendant_20NM_20Nec_2D_0002.jpg?v=1654283939']","[[11997, 'https://cdn.shopify.com/s/files/1/0384/0161/products/150231-3_20Hermes_20Kelly_20Gourmette_20Bracelet_2018K_20Rose_2D_0002.jpg?v=1654289094'], [11604, 'https://cdn.shopify.com/s/files/1/0384/0161/products/140022-1_20Hermes_20Kelly_20Bracelet_2018K_20Rose_20Gold_20and_20P_2D_0002.jpg?v=1650059692'], [11985, 'https://cdn.shopify.com/s/files/1/0384/0161/products/129425-1_20Hermes_20Kelly_20Chaine_20Bracelet_2018K_20Rose_20Gol_2D_0002.jpg?v=1654285688'], [11671, 'https://cdn.shopify.com/s/files/1/0384/0161/products/141751-1_20Hermes_20Kelly_20Chaine_20Bracelet_2018K_20Rose_20Gol_2D_0002.jpg?v=1651252164'], [11706, 'https://cdn.shopify.com/s/files/1/0384/0161/products/131767-519_20Bvlgari_20Parentesi_20Pendant_20Necklace_20Rose_2D_0002.jpg?v=1651862294'], [11916, 'https://cdn.shopify.com/s/files/1/0384/0161/products/145976-1_20Hermes_20Kelly_20Gourmette_20Bracelet_2018K_20White_2D_0002.jpg?v=1653681950'], [11585, 'https://cdn.shopify.com/s/files/1/0384/0161/products/130827-1_20Audemars_20Piguet_20Royal_20Oak_20Quartz_20Watch_20Ye_2D_0002.jpg?v=1649351664'], [11593, 'https://cdn.shopify.com/s/files/1/0384/0161/products/131278-1_20Rolex_20Oyster_20Perpetual_20Submariner_20Kermit_2D_0002.jpg?v=1649455693'], [12001, 'https://cdn.shopify.com/s/files/1/0384/0161/products/144459-1_20Hermes_20Slim_20d_Hermes_20Squelette_20Lune_20Autom_2D_0002.jpg?v=1654290143'], [12114, 'https://cdn.shopify.com/s/files/1/0384/0161/products/134844-1_20Hermes_20Kelly_20Mini_20II_20Bag_20Tricolor_20Epsom_20w_2D_0002.jpg?v=1649093391']]",0.1,0.7,0.5
13,12236,euclidean,2.094679117202759,33.840778827667236,"[11975, 'https://cdn.shopify.com/s/files/1/0384/0161/products/150808-1_20Hermes_20Amulettes_20Constance_20Pendant_20NM_20Nec_2D_0002.jpg?v=1654283939']","[[12009, 'https://cdn.shopify.com/s/files/1/0384/0161/products/137105-3_20Bvlgari_20Serpenti_20Viper_20Ring_2018K_20Rose_20Gold_2D_0002.jpg?v=1654291235'], [11600, 'https://cdn.shopify.com/s/files/1/0384/0161/products/122912-123_20Chanel_20Vintage_20Diamond_20CC_20Camera_20Bag_20Quilted_20Leather_20Medium_2D_0002.jpg?v=1650055838'], [12023, 'https://cdn.shopify.com/s/files/1/0384/0161/products/133052-2_20Chanel_20Classic_20Flap_20Shopping_20Tote_20Quilted_2D_0002.jpg?v=1654870623'], [12129, 'https://cdn.shopify.com/s/files/1/0384/0161/products/135422-6_20Chanel_20Vintage_20Backpack_20Caviar_20Small_2D_0002.jpg?v=1655475734'], [11512, 'https://cdn.shopify.com/s/files/1/0384/0161/products/133450-1_20Hermes_20H08_20Automatic_20Watch_20DLC_20Titanium_20a_2D_0002.jpg?v=1647881971'], [11452, 'https://cdn.shopify.com/s/files/1/0384/0161/products/117032-30_20Louis_20Vuitton_20Handle_20Trunk_20Monogram_20Mirror_20Coated_20Canvas_2D_0002.jpg?v=1646078293'], [11519, 'https://cdn.shopify.com/s/files/1/0384/0161/products/121991-70_20Louis_20Vuitton_20Christopher_20Backpack_20Monogram_20Miroir_20PVC_20PM_2D_0002.jpg?v=1647889595'], [11443, 'https://cdn.shopify.com/s/files/1/0384/0161/products/118032-105_20Chanel_20My_20Everything_20Tote_20Quilted_20Cavia_2D_0002.jpg?v=1646071796'], [11861, 'https://cdn.shopify.com/s/files/1/0384/0161/products/136549-39_20Louis_20Vuitton_20Christian_20Louboutin_20Shopping_20Bag_20Calf_20Hair_20and_20Monogram_20Canvas_2D_0002.jpg?v=1653661430'], [12120, 'https://cdn.shopify.com/s/files/1/0384/0161/products/129743-47_20Christian_20Dior_20My_20Lady_20Dior_20Bag_20Cannage_20Quilt_20Lambskin_2D_0002.jpg?v=1655475059']]",0.0,0.1,0.1
14,12236,manhattan,2.013962984085083,47.88670778274536,"[11975, 'https://cdn.shopify.com/s/files/1/0384/0161/products/150808-1_20Hermes_20Amulettes_20Constance_20Pendant_20NM_20Nec_2D_0002.jpg?v=1654283939']","[[12009, 'https://cdn.shopify.com/s/files/1/0384/0161/products/137105-3_20Bvlgari_20Serpenti_20Viper_20Ring_2018K_20Rose_20Gold_2D_0002.jpg?v=1654291235'], [11600, 'https://cdn.shopify.com/s/files/1/0384/0161/products/122912-123_20Chanel_20Vintage_20Diamond_20CC_20Camera_20Bag_20Quilted_20Leather_20Medium_2D_0002.jpg?v=1650055838'], [12023, 'https://cdn.shopify.com/s/files/1/0384/0161/products/133052-2_20Chanel_20Classic_20Flap_20Shopping_20Tote_20Quilted_2D_0002.jpg?v=1654870623'], [11512, 'https://cdn.shopify.com/s/files/1/0384/0161/products/133450-1_20Hermes_20H08_20Automatic_20Watch_20DLC_20Titanium_20a_2D_0002.jpg?v=1647881971'], [12129, 'https://cdn.shopify.com/s/files/1/0384/0161/products/135422-6_20Chanel_20Vintage_20Backpack_20Caviar_20Small_2D_0002.jpg?v=1655475734'], [11452, 'https://cdn.shopify.com/s/files/1/0384/0161/products/117032-30_20Louis_20Vuitton_20Handle_20Trunk_20Monogram_20Mirror_20Coated_20Canvas_2D_0002.jpg?v=1646078293'], [11519, 'https://cdn.shopify.com/s/files/1/0384/0161/products/121991-70_20Louis_20Vuitton_20Christopher_20Backpack_20Monogram_20Miroir_20PVC_20PM_2D_0002.jpg?v=1647889595'], [11443, 'https://cdn.shopify.com/s/files/1/0384/0161/products/118032-105_20Chanel_20My_20Everything_20Tote_20Quilted_20Cavia_2D_0002.jpg?v=1646071796'], [11861, 'https://cdn.shopify.com/s/files/1/0384/0161/products/136549-39_20Louis_20Vuitton_20Christian_20Louboutin_20Shopping_20Bag_20Calf_20Hair_20and_20Monogram_20Canvas_2D_0002.jpg?v=1653661430'], [12120, 'https://cdn.shopify.com/s/files/1/0384/0161/products/129743-47_20Christian_20Dior_20My_20Lady_20Dior_20Bag_20Cannage_20Quilt_20Lambskin_2D_0002.jpg?v=1655475059']]",0.0,0.1,0.1
15,12236,cosine,2.0161237716674805,23.627249240875244,"[11343, 'https://cdn.shopify.com/s/files/1/0384/0161/products/135422-82_20Hermes_20GriGri_20Rodeo_20Bag_20Charm_20Leather_20GM_2D_0002.jpg?v=1652473869']","[[10524, 'https://cdn.shopify.com/s/files/1/0384/0161/products/133940-1_20Hermes_20GriGri_20Rodeo_20Bag_20Charm_20Leather_20GM_2D_0002.jpg?v=1647883748'], [11352, 'https://cdn.shopify.com/s/files/1/0384/0161/products/130825-104_20Hermes_20GriGri_20Rodeo_20Bag_20Charm_20Leather_20GM_2D_0002.jpg?v=1652469180'], [10527, 'https://cdn.shopify.com/s/files/1/0384/0161/products/125940-11_20Hermes_20GriGri_20Rodeo_20Bag_20Charm_20Leather_20GM_2D_0002.jpg?v=1647879270'], [5238, 'https://cdn.shopify.com/s/files/1/0384/0161/products/167631-1_20Hermes_20Tressage_20Cuir_20Bag_20Strap_20Epsom_2040mm_2D_0002.jpg?v=1662751566'], [4028, 'https://cdn.shopify.com/s/files/1/0384/0161/products/163119-1_20Hermes_20Tressage_20Cuir_20Bag_20Strap_20Epsom_2040mm_2D_0002.jpg?v=1659734249'], [2320, 'https://cdn.shopify.com/s/files/1/0384/0161/products/141318-2_20Hermes_20Kelly_20Twilly_20Bag_20Charm_20Tadelakt_2D_0002.jpg?v=1653676455'], [3617, 'https://cdn.shopify.com/s/files/1/0384/0161/products/159674-127_20Hermes_20Bearn_20Wallet_20Chevre_20Mysore_20Long_2D_0002.jpg?v=1659285022'], [5236, 'https://cdn.shopify.com/s/files/1/0384/0161/products/163115-293_20Hermes_20Tressage_20Cuir_20Bag_20Strap_20Epsom_2030mm_2D_0002.jpg?v=1662751420'], [5469, 'https://cdn.shopify.com/s/files/1/0384/0161/products/172200-2_20Hermes_20Pegase_20Rodeo_20Touch_20Bag_20Charm_20Leath_2D_0002.jpg?v=1663355494'], [2982, 'https://cdn.shopify.com/s/files/1/0384/0161/products/152652-1_20Hermes_20Pegase_20Rodeo_20Touch_20Bag_20Charm_20Leather_20with_20Alligator_20PM_2D_0002.jpg?v=1657910416']]",0.7,1.0,0.6
16,12236,euclidean,2.116999864578247,37.847336292266846,"[11343, 'https://cdn.shopify.com/s/files/1/0384/0161/products/135422-82_20Hermes_20GriGri_20Rodeo_20Bag_20Charm_20Leather_20GM_2D_0002.jpg?v=1652473869']","[[11352, 'https://cdn.shopify.com/s/files/1/0384/0161/products/130825-104_20Hermes_20GriGri_20Rodeo_20Bag_20Charm_20Leather_20GM_2D_0002.jpg?v=1652469180'], [9660, 'https://cdn.shopify.com/s/files/1/0384/0161/products/163115-107_20Bvlgari_20Serpenti_20Forever_20Wallet_20Leather_20Compact_2D_0002.jpg?v=1662146913'], [11263, 'https://cdn.shopify.com/s/files/1/0384/0161/products/135026-1_20Hermes_20Reversible_20Belt_20Strap_20Leather_20Wide_2D_0002.jpg?v=1656699727'], [11295, 'https://cdn.shopify.com/s/files/1/0384/0161/products/140144-6_20Chanel_20CC_20Hearts_20Clip_20On_20Earrings_20Metal_2D_0002.jpg?v=1654290734'], [10037, 'https://cdn.shopify.com/s/files/1/0384/0161/products/170337-3_20Chanel_20Women_s_20CC_20Chain_20Thong_20Sandals_20Pri_2D_0002.jpg?v=1662754428'], [11225, 'https://cdn.shopify.com/s/files/1/0384/0161/products/161552-1_20Chanel_20Vintage_20CC_20Round_20Clip-On_20Earrings_2D_0002.jpg?v=1658512377'], [11216, 'https://cdn.shopify.com/s/files/1/0384/0161/products/157321-5_20Louis_20Vuitton_20Chaine_20Grelots_20Bag_20Charm_20an_2D_0002.jpg?v=1658518060'], [11383, 'https://cdn.shopify.com/s/files/1/0384/0161/products/161572-1_20David_20Yurman_20Cable_20Classic_20Bracelet_20Sterl_2D_0002.jpg?v=1659734882'], [10627, 'https://cdn.shopify.com/s/files/1/0384/0161/products/117485-131_20Chanel_20Vintage_20CC_20Flower_20Ring_20Metal_20wit_2D_0002.jpg?v=1646684549'], [11308, 'https://cdn.shopify.com/s/files/1/0384/0161/products/142641-75_20Chanel_20CC_20Chain_20Drop_20Clip-On_20Earrings_20Me_2D_0002.jpg?v=1654288891']]",0.1,0.2,0.2
17,12236,manhattan,2.0982840061187744,52.34188914299011,"[11343, 'https://cdn.shopify.com/s/files/1/0384/0161/products/135422-82_20Hermes_20GriGri_20Rodeo_20Bag_20Charm_20Leather_20GM_2D_0002.jpg?v=1652473869']","[[11352, 'https://cdn.shopify.com/s/files/1/0384/0161/products/130825-104_20Hermes_20GriGri_20Rodeo_20Bag_20Charm_20Leather_20GM_2D_0002.jpg?v=1652469180'], [10039, 'https://cdn.shopify.com/s/files/1/0384/0161/products/169255-1_20Hermes_20GriGri_20Rodeo_20Bag_20Charm_20Leather_20PM_2D_0002.jpg?v=1662754575'], [9660, 'https://cdn.shopify.com/s/files/1/0384/0161/products/163115-107_20Bvlgari_20Serpenti_20Forever_20Wallet_20Leather_20Compact_2D_0002.jpg?v=1662146913'], [10008, 'https://cdn.shopify.com/s/files/1/0384/0161/products/170098-3_20Hermes_20GriGri_20Rodeo_20Bag_20Charm_20Leather_20PM_2D_0002.jpg?v=1662752588'], [11263, 'https://cdn.shopify.com/s/files/1/0384/0161/products/135026-1_20Hermes_20Reversible_20Belt_20Strap_20Leather_20Wide_2D_0002.jpg?v=1656699727'], [10057, 'https://cdn.shopify.com/s/files/1/0384/0161/products/170098-2_20Hermes_20Orange_20Shopping_20Bag_20Charm_20Milo_20Lambskin_20and_20Swift_2D_0002.jpg?v=1662755672'], [11295, 'https://cdn.shopify.com/s/files/1/0384/0161/products/140144-6_20Chanel_20CC_20Hearts_20Clip_20On_20Earrings_20Metal_2D_0002.jpg?v=1654290734'], [11383, 'https://cdn.shopify.com/s/files/1/0384/0161/products/161572-1_20David_20Yurman_20Cable_20Classic_20Bracelet_20Sterl_2D_0002.jpg?v=1659734882'], [11188, 'https://cdn.shopify.com/s/files/1/0384/0161/products/161555-3_20David_20Yurman_20Cable_20Classic_20Bracelet_20Sterl_2D_0002.jpg?v=1659738951'], [10758, 'https://cdn.shopify.com/s/files/1/0384/0161/products/171872-1_20Gucci_20GG_20Marmont_20Belt_20Leather_20Medium_2D_0002.jpg?v=1663965555']]",0.3,0.5,0.3
18,12236,cosine,2.1668810844421387,22.955454111099243,"[6208, 'https://cdn.shopify.com/s/files/1/0384/0161/products/162876-1_20Hermes_20Evelyne_20Bag_20Gen_20III_20Felt_20TPM_2D_0002.jpg?v=1660940276']","[[2855, 'https://cdn.shopify.com/s/files/1/0384/0161/products/138633-331_20Hermes_20Evelyne_20Bag_20Gen_20III_20Felt_20TPM_2D_0002.jpg?v=1657899714'], [5150, 'https://cdn.shopify.com/s/files/1/0384/0161/products/128385-412_20Hermes_20Evelyne_20Bag_20Gen_20III_20Felt_20TPM_2D_0002.jpg?v=1650887182'], [2105, 'https://cdn.shopify.com/s/files/1/0384/0161/products/145429-267_20Hermes_20Evelyne_20Bag_20Gen_20III_20Felt_20TPM_2D_0002.jpg?v=1656686569'], [4787, 'https://cdn.shopify.com/s/files/1/0384/0161/products/164511-7_20Hermes_20Evelyne_20Bag_20Gen_20I_20Clemence_20PM_2D_0002.jpg?v=1662139534'], [6411, 'https://cdn.shopify.com/s/files/1/0384/0161/products/143617-2_20Hermes_20Evelyne_20Bag_20Gen_20III_20Clemence_20GM_2D_0002.jpg?v=1652462935'], [3252, 'https://cdn.shopify.com/s/files/1/0384/0161/products/155041-1_20Hermes_20Evelyne_20Bag_20Gen_20II_20Clemence_20PM_2D_0002.jpg?v=1658505469'], [5574, 'https://cdn.shopify.com/s/files/1/0384/0161/products/128385-461_20Hermes_20Evelyne_20Bag_20Gen_20III_20Felt_20PM_2D_0002.jpg?v=1650903201'], [11492, 'https://cdn.shopify.com/s/files/1/0384/0161/products/131184-1_20Christian_20Dior_20Caro_20Bag_20Cannage_20Quilt_20Gradient_20Lambskin_20Larg_2D_0002.jpg?v=1647282819'], [3756, 'https://cdn.shopify.com/s/files/1/0384/0161/products/143267-3_20Hermes_20Evelyne_20Bag_20Gen_20III_20Clemence_20PM_2D_0002.jpg?v=1653064173'], [4333, 'https://cdn.shopify.com/s/files/1/0384/0161/products/128315-3_20Hermes_20Evelyne_20Bag_20Gen_20III_20Clemence_20TGM_2D_0002.jpg?v=1645230386']]",0.9,0.9,0.8
19,12236,euclidean,2.209994077682495,37.10202097892761,"[6208, 'https://cdn.shopify.com/s/files/1/0384/0161/products/162876-1_20Hermes_20Evelyne_20Bag_20Gen_20III_20Felt_20TPM_2D_0002.jpg?v=1660940276']","[[846, 'https://cdn.shopify.com/s/files/1/0384/0161/products/143626-3_20Louis_20Vuitton_20Croisette_20Handbag_20Damier_2D_0002.jpg?v=1651864200'], [1140, 'https://cdn.shopify.com/s/files/1/0384/0161/products/150156-2_20Saint_20Laurent_20Vicky_20Crossbody_20Bag_20Vertical_20Quilted_20Leather_20Large_2D_0002.jpg?v=1653677626'], [5303, 'https://cdn.shopify.com/s/files/1/0384/0161/products/127987-1_20Saint_20Laurent_20Vicky_20Crossbody_20Bag_20Vertica_2D_0002.jpg?v=1647273925'], [1084, 'https://cdn.shopify.com/s/files/1/0384/0161/products/148127-4_20Louis_20Vuitton_20Keepall_20Bandouliere_20Bag_20Monogram_20Canvas_2045_2D_0002.jpg?v=1653665699'], [164, 'https://cdn.shopify.com/s/files/1/0384/0161/products/130381-1_20Gucci_20Ophidia_20Dome_20Top_20Handle_20Bag_20GG_20Coat_2D_0002.jpg?v=1646673033'], [4485, 'https://cdn.shopify.com/s/files/1/0384/0161/products/166437-1_20Chanel_20Multi_20Strand_20CC_20Necklace_20Crystal_20Embellished_20Metal_20with_20Faux_20Pearls_20and_20Beads_2D_0002.jpg?v=1660942859'], [614, 'https://cdn.shopify.com/s/files/1/0384/0161/products/143466-2_20Gucci_20Ophidia_20Top_20Handle_20Tote_20Leather_20Small_2D_0002.jpg?v=1650901257'], [1468, 'https://cdn.shopify.com/s/files/1/0384/0161/products/131767-252_20Louis_20Vuitton_20Outdoor_20Pouch_20Limited_20Edition_20Monogram_20Pacific_20Canvas_20Medium_2D_0002.jpg?v=1654871136'], [2945, 'https://cdn.shopify.com/s/files/1/0384/0161/products/157894-1_20Prada_20Galleria_20Double_20Zip_20Tote_20Saffiano_20Leather_20Large_2D_0002.jpg?v=1657906719'], [264, 'https://cdn.shopify.com/s/files/1/0384/0161/products/131730-1_20Chanel_20Vintage_20CC_20Strap_20Drawstring_20Bucket_20Bag_20Quilted_20Lambskin_20Medium_2D_0002.jpg?v=1647874262']]",0.4,0.0,0.0
20,12236,manhattan,1.9371368885040283,51.541046142578125,"[6208, 'https://cdn.shopify.com/s/files/1/0384/0161/products/162876-1_20Hermes_20Evelyne_20Bag_20Gen_20III_20Felt_20TPM_2D_0002.jpg?v=1660940276']","[[1140, 'https://cdn.shopify.com/s/files/1/0384/0161/products/150156-2_20Saint_20Laurent_20Vicky_20Crossbody_20Bag_20Vertical_20Quilted_20Leather_20Large_2D_0002.jpg?v=1653677626'], [1084, 'https://cdn.shopify.com/s/files/1/0384/0161/products/148127-4_20Louis_20Vuitton_20Keepall_20Bandouliere_20Bag_20Monogram_20Canvas_2045_2D_0002.jpg?v=1653665699'], [4485, 'https://cdn.shopify.com/s/files/1/0384/0161/products/166437-1_20Chanel_20Multi_20Strand_20CC_20Necklace_20Crystal_20Embellished_20Metal_20with_20Faux_20Pearls_20and_20Beads_2D_0002.jpg?v=1660942859'], [5303, 'https://cdn.shopify.com/s/files/1/0384/0161/products/127987-1_20Saint_20Laurent_20Vicky_20Crossbody_20Bag_20Vertica_2D_0002.jpg?v=1647273925'], [164, 'https://cdn.shopify.com/s/files/1/0384/0161/products/130381-1_20Gucci_20Ophidia_20Dome_20Top_20Handle_20Bag_20GG_20Coat_2D_0002.jpg?v=1646673033'], [614, 'https://cdn.shopify.com/s/files/1/0384/0161/products/143466-2_20Gucci_20Ophidia_20Top_20Handle_20Tote_20Leather_20Small_2D_0002.jpg?v=1650901257'], [846, 'https://cdn.shopify.com/s/files/1/0384/0161/products/143626-3_20Louis_20Vuitton_20Croisette_20Handbag_20Damier_2D_0002.jpg?v=1651864200'], [1468, 'https://cdn.shopify.com/s/files/1/0384/0161/products/131767-252_20Louis_20Vuitton_20Outdoor_20Pouch_20Limited_20Edition_20Monogram_20Pacific_20Canvas_20Medium_2D_0002.jpg?v=1654871136'], [2927, 'https://cdn.shopify.com/s/files/1/0384/0161/products/159816-5_20Louis_20Vuitton_20Felicie_20Pochette_20Limited_20Edition_20Vivienne_20Xmas_20Monogram_20Canvas_2D_0002.jpg?v=1657904178'], [1886, 'https://cdn.shopify.com/s/files/1/0384/0161/products/155032-1_20Louis_20Vuitton_20Vavin_20Chain_20Wallet_20Monogram_20Empreinte_20Leather_2D_0002.jpg?v=1655494468']]",0.5,0.0,0.0
21,12236,cosine,1.945923089981079,21.646475076675415,"[9918, 'https://cdn.shopify.com/s/files/1/0384/0161/products/146048-1_20Christian_20Dior_20Vintage_20Street_20Chic_20Messenger_20Bag_20Diorissimo_20Canvas_20and_20Leather_20Medium_2D_0002.jpg?v=1651867955']","[[4959, 'https://cdn.shopify.com/s/files/1/0384/0161/products/149902-456_20Christian_20Dior_20Flap_20Messenger_20Bag_20Oblique_20Canvas_20and_20Leather_20Medium_2D_0002.jpg?v=1656687394'], [6279, 'https://cdn.shopify.com/s/files/1/0384/0161/products/158570-80_20Christian_20Dior_20Flap_20Messenger_20Bag_20Oblique_20Canvas_20and_20Leather_20Medium_2D_0002.jpg?v=1659727598'], [5937, 'https://cdn.shopify.com/s/files/1/0384/0161/products/145652-1_20Christian_20Dior_20Vintage_20Rasta_20Saddle_20Zip_20Bag_20Diorissimo_20Canvas_20Small_2D_0002.jpg?v=1660935933'], [5551, 'https://cdn.shopify.com/s/files/1/0384/0161/products/172182-1_20Christian_20Dior_20Convertible_20Drawstring_20Sling_20Backpack_20Oblique_20Canvas_20with_20Leather_2D_0002.jpg?v=1663362965'], [1979, 'https://cdn.shopify.com/s/files/1/0384/0161/products/133336-98_20Christian_20Dior_20Tie_20Dye_20Dior_20Camp_20Messenger_20Bag_20Embroidered_20Canvas_2D_0002.jpg?v=1656084371'], [5759, 'https://cdn.shopify.com/s/files/1/0384/0161/products/172311-1_20Christian_20Dior_20Vintage_20Rasta_20Saddle_20Bag_20Diorissimo_20Canvas_20Medium_2D_0002.jpg?v=1663961991'], [6227, 'https://cdn.shopify.com/s/files/1/0384/0161/products/145429-355_20Christian_20Dior_20Vertical_20Roller_20Messenger_20Bag_20Oblique_20Canvas_2D_0002.jpg?v=1655484422'], [6334, 'https://cdn.shopify.com/s/files/1/0384/0161/products/154038-425_20Christian_20Dior_20Women_s_2030_20Montaigne_20Biker_20Jacket_20Leather_2D_0002.jpg?v=1658151499'], [4721, 'https://cdn.shopify.com/s/files/1/0384/0161/products/157590-66_20Christian_20Dior_20Men_s_20Kenny_20Scharf_20MKII_20Jacket_20Printed_20Denim_2D_0002.jpg?v=1658153889'], [4226, 'https://cdn.shopify.com/s/files/1/0384/0161/products/165504-1_20Christian_20Dior_20Homme_20Vertical_20Pouch_20Oblique_20Canvas_20with_20Leather_2D_0002.jpg?v=1660336981']]",0.4,1.0,0.0
22,12236,euclidean,2.0885891914367676,35.7430100440979,"[9918, 'https://cdn.shopify.com/s/files/1/0384/0161/products/146048-1_20Christian_20Dior_20Vintage_20Street_20Chic_20Messenger_20Bag_20Diorissimo_20Canvas_20and_20Leather_20Medium_2D_0002.jpg?v=1651867955']","[[9911, 'https://cdn.shopify.com/s/files/1/0384/0161/products/143806-1_20Christian_20Dior_20Vintage_20CD_20Chain_20Bracelet_2D_0002.jpg?v=1651865283'], [11342, 'https://cdn.shopify.com/s/files/1/0384/0161/products/140900-4_20Louis_20Vuitton_20Supreme_20Bag_20Charm_20and_20Key_20Holder_20Epi_20Leather_2D_0002.jpg?v=1652470631'], [9643, 'https://cdn.shopify.com/s/files/1/0384/0161/products/163106-98_20Christian_20Dior_20J_Adior_20Hoop_20Earrings_20Metal_20with_20Crystals_2D_0002.jpg?v=1662144859'], [10525, 'https://cdn.shopify.com/s/files/1/0384/0161/products/132945-1_20Givenchy_20Downtown_20Waist_20Bag_20Nylon_2D_0002.jpg?v=1647885867'], [11246, 'https://cdn.shopify.com/s/files/1/0384/0161/products/138633-17_20Louis_20Vuitton_20Blooming_20Flowers_20Chain_20Bag_20Charm_20and_20Key_20Holder_20Brass_20with_20Monogram_20Canvas_2D_0002.jpg?v=1657904216'], [9668, 'https://cdn.shopify.com/s/files/1/0384/0161/products/169003-1_20David_20Yurman_20Cerise_20Stud_20Earrings_20Sterlin_2D_0002.jpg?v=1662147502'], [11124, 'https://cdn.shopify.com/s/files/1/0384/0161/products/166518-3_20Chanel_20Logo_20Rim_20Oval_20Sunglasses_20Acetate_2D_0002.jpg?v=1661524398'], [9609, 'https://cdn.shopify.com/s/files/1/0384/0161/products/168748-4_20Hermes_20Orange_20Shopping_20Bag_20Charm_20Milo_20Lambskin_20and_20Swift_2D_0002.jpg?v=1662141201'], [9937, 'https://cdn.shopify.com/s/files/1/0384/0161/products/128385-53_20Chanel_20CC_20Mirror_20Cuff_20Bracelet_20Metal_2D_0002.jpg?v=1651858821'], [11219, 'https://cdn.shopify.com/s/files/1/0384/0161/products/159158-1_20Gucci_20Flower_20Chain_20Bracelet_20Metal_2D_0002.jpg?v=1658511731']]",0.0,0.2,0.1
23,12236,manhattan,2.1149919033050537,51.09764504432678,"[9918, 'https://cdn.shopify.com/s/files/1/0384/0161/products/146048-1_20Christian_20Dior_20Vintage_20Street_20Chic_20Messenger_20Bag_20Diorissimo_20Canvas_20and_20Leather_20Medium_2D_0002.jpg?v=1651867955']","[[9643, 'https://cdn.shopify.com/s/files/1/0384/0161/products/163106-98_20Christian_20Dior_20J_Adior_20Hoop_20Earrings_20Metal_20with_20Crystals_2D_0002.jpg?v=1662144859'], [11342, 'https://cdn.shopify.com/s/files/1/0384/0161/products/140900-4_20Louis_20Vuitton_20Supreme_20Bag_20Charm_20and_20Key_20Holder_20Epi_20Leather_2D_0002.jpg?v=1652470631'], [10525, 'https://cdn.shopify.com/s/files/1/0384/0161/products/132945-1_20Givenchy_20Downtown_20Waist_20Bag_20Nylon_2D_0002.jpg?v=1647885867'], [9911, 'https://cdn.shopify.com/s/files/1/0384/0161/products/143806-1_20Christian_20Dior_20Vintage_20CD_20Chain_20Bracelet_2D_0002.jpg?v=1651865283'], [11246, 'https://cdn.shopify.com/s/files/1/0384/0161/products/138633-17_20Louis_20Vuitton_20Blooming_20Flowers_20Chain_20Bag_20Charm_20and_20Key_20Holder_20Brass_20with_20Monogram_20Canvas_2D_0002.jpg?v=1657904216'], [11041, 'https://cdn.shopify.com/s/files/1/0384/0161/products/170468-1_20Hermes_20Confettis_20Bracelet_20Sterling_20Silver_2D_0002.jpg?v=1664571109'], [9956, 'https://cdn.shopify.com/s/files/1/0384/0161/products/142950-1_20Prada_20Pushlock_20Flap_20Tote_20Vitello_20Daino_20with_20Lizard_20Large_2D_0002.jpg?v=1651248668'], [11203, 'https://cdn.shopify.com/s/files/1/0384/0161/products/149902-458_20Hermes_20Hinged_20Bracelet_20Printed_20Enamel_20T_2D_0002.jpg?v=1659288573'], [11057, 'https://cdn.shopify.com/s/files/1/0384/0161/products/173024-3_20Gucci_20Icon_20Band_20Ring_2018K_20Rose_20Gold_204mm_2D_0002.jpg?v=1664572111'], [9609, 'https://cdn.shopify.com/s/files/1/0384/0161/products/168748-4_20Hermes_20Orange_20Shopping_20Bag_20Charm_20Milo_20Lambskin_20and_20Swift_2D_0002.jpg?v=1662141201']]",0.0,0.2,0.1
24,12236,cosine,1.9908831119537354,22.11066722869873,"[552, 'https://cdn.shopify.com/s/files/1/0384/0161/products/123218-2_20Givenchy_20Antigona_20Soft_20Bag_20Leather_20Medium_2D_0002.jpg?v=1643656347']","[[917, 'https://cdn.shopify.com/s/files/1/0384/0161/products/145807-1_20Givenchy_20Antigona_20Soft_20Bag_20Leather_20Medium_2D_0002.jpg?v=1652459319'], [1135, 'https://cdn.shopify.com/s/files/1/0384/0161/products/149408-1_20Givenchy_20Antigona_20Soft_20Bag_20Leather_20Medium_2D_0002.jpg?v=1653677132'], [2715, 'https://cdn.shopify.com/s/files/1/0384/0161/products/159015-1_20Givenchy_20Antigona_20Soft_20Bag_20Leather_20Medium_2D_0002.jpg?v=1657303536'], [2066, 'https://cdn.shopify.com/s/files/1/0384/0161/products/155907-1_20Givenchy_20Antigona_20Soft_20Bag_20Leather_20Medium_2D_0002.jpg?v=1656096399'], [1190, 'https://cdn.shopify.com/s/files/1/0384/0161/products/134442-2_20Givenchy_20Antigona_20Soft_20Bag_20Leather_20Medium_2D_0002.jpg?v=1649084585'], [5512, 'https://cdn.shopify.com/s/files/1/0384/0161/products/169708-1_20Givenchy_20Antigona_20Soft_20Bag_20Leather_20Small_2D_0002.jpg?v=1663358992'], [6285, 'https://cdn.shopify.com/s/files/1/0384/0161/products/157893-1_20Loewe_20Puzzle_20Bag_20Leather_20Large_2D_0002.jpg?v=1659275675'], [1080, 'https://cdn.shopify.com/s/files/1/0384/0161/products/144828-1_20Givenchy_20Antigona_20Soft_20Bag_20Leather_20Medium_2D_0002.jpg?v=1653665175'], [5649, 'https://cdn.shopify.com/s/files/1/0384/0161/products/129695-1_20Goyard_20Vendome_20Bag_20Leather_20GM_2D_0002.jpg?v=1646671051'], [6310, 'https://cdn.shopify.com/s/files/1/0384/0161/products/160452-1_20Loewe_20Puzzle_20Bag_20Leather_20Large_2D_0002.jpg?v=1658513004']]",1.0,0.7,0.0
25,12236,euclidean,2.098557233810425,36.18840408325195,"[552, 'https://cdn.shopify.com/s/files/1/0384/0161/products/123218-2_20Givenchy_20Antigona_20Soft_20Bag_20Leather_20Medium_2D_0002.jpg?v=1643656347']","[[5528, 'https://cdn.shopify.com/s/files/1/0384/0161/products/171765-1_20Gucci_20GG_20Marmont_20Top_20Handle_20Flap_20Bag_20Matelasse_20Leather_20Mini_2D_0002.jpg?v=1663360154'], [302, 'https://cdn.shopify.com/s/files/1/0384/0161/products/134062-1_20Fendi_20Peekaboo_20Bag_20Leather_20with_20Studded_20D_2D_0002.jpg?v=1647890453'], [5548, 'https://cdn.shopify.com/s/files/1/0384/0161/products/173156-1_20Gucci_20Dionysus_20Bag_20Blooms_20Print_20Leather_20Medium_2D_0002.jpg?v=1663362807'], [3221, 'https://cdn.shopify.com/s/files/1/0384/0161/products/159923-1_20Saint_20Laurent_20LouLou_20Shoulder_20Bag_20Matelasse_20Chevron_20Leather_20Toy_2D_0002.jpg?v=1658503695'], [2927, 'https://cdn.shopify.com/s/files/1/0384/0161/products/159816-5_20Louis_20Vuitton_20Felicie_20Pochette_20Limited_20Edition_20Vivienne_20Xmas_20Monogram_20Canvas_2D_0002.jpg?v=1657904178'], [968, 'https://cdn.shopify.com/s/files/1/0384/0161/products/137665-52_20Gucci_20Disney_20Mickey_20Mouse_20Bucket_20Bag_20Printed_20Mini_20GG_20Coated_20Canvas_2D_0002.jpg?v=1653055931'], [4073, 'https://cdn.shopify.com/s/files/1/0384/0161/products/164678-2_20Chanel_20Vintage_20Round_20Tassel_20Crossbody_20Bag_20Quilted_20Lambskin_20Large_2D_0002.jpg?v=1659738600'], [5286, 'https://cdn.shopify.com/s/files/1/0384/0161/products/166997-148_20Louis_20Vuitton_20Marly_20Handbag_20Epi_20Leather_20BB_2D_0002.jpg?v=1662754816'], [5462, 'https://cdn.shopify.com/s/files/1/0384/0161/products/168354-36_20Louis_20Vuitton_20Felicie_20Pochette_20Monogram_20Empreinte_20Leather_2D_0002.jpg?v=1663355042'], [477, 'https://cdn.shopify.com/s/files/1/0384/0161/products/128379-46_20Louis_20Vuitton_20NeoNoe_20Handbag_20Epi_20Leather_20MM_2D_0002.jpg?v=1649452540']]",0.0,0.0,0.0
26,12236,manhattan,2.301736831665039,52.006251096725464,"[552, 'https://cdn.shopify.com/s/files/1/0384/0161/products/123218-2_20Givenchy_20Antigona_20Soft_20Bag_20Leather_20Medium_2D_0002.jpg?v=1643656347']","[[302, 'https://cdn.shopify.com/s/files/1/0384/0161/products/134062-1_20Fendi_20Peekaboo_20Bag_20Leather_20with_20Studded_20D_2D_0002.jpg?v=1647890453'], [3221, 'https://cdn.shopify.com/s/files/1/0384/0161/products/159923-1_20Saint_20Laurent_20LouLou_20Shoulder_20Bag_20Matelasse_20Chevron_20Leather_20Toy_2D_0002.jpg?v=1658503695'], [5548, 'https://cdn.shopify.com/s/files/1/0384/0161/products/173156-1_20Gucci_20Dionysus_20Bag_20Blooms_20Print_20Leather_20Medium_2D_0002.jpg?v=1663362807'], [5528, 'https://cdn.shopify.com/s/files/1/0384/0161/products/171765-1_20Gucci_20GG_20Marmont_20Top_20Handle_20Flap_20Bag_20Matelasse_20Leather_20Mini_2D_0002.jpg?v=1663360154'], [3670, 'https://cdn.shopify.com/s/files/1/0384/0161/products/161858-1_20Louis_20Vuitton_20Figheri_20Handbag_20Damier_20GM_2D_0002.jpg?v=1659290815'], [1031, 'https://cdn.shopify.com/s/files/1/0384/0161/products/148221-6_20Fendi_20Peekaboo_20Bag_20Leather_20Mini_2D_0002.jpg?v=1653069705'], [4073, 'https://cdn.shopify.com/s/files/1/0384/0161/products/164678-2_20Chanel_20Vintage_20Round_20Tassel_20Crossbody_20Bag_20Quilted_20Lambskin_20Large_2D_0002.jpg?v=1659738600'], [5286, 'https://cdn.shopify.com/s/files/1/0384/0161/products/166997-148_20Louis_20Vuitton_20Marly_20Handbag_20Epi_20Leather_20BB_2D_0002.jpg?v=1662754816'], [968, 'https://cdn.shopify.com/s/files/1/0384/0161/products/137665-52_20Gucci_20Disney_20Mickey_20Mouse_20Bucket_20Bag_20Printed_20Mini_20GG_20Coated_20Canvas_2D_0002.jpg?v=1653055931'], [2266, 'https://cdn.shopify.com/s/files/1/0384/0161/products/149902-195_20Louis_20Vuitton_20Chalk_20Flat_20Tote_20Bag_20Limit_2D_0002.jpg?v=1656697440']]",0.0,0.0,0.0
27,12236,cosine,1.9763238430023193,21.65453577041626,"[3269, 'https://cdn.shopify.com/s/files/1/0384/0161/products/161108-1_20Christian_20Dior_2030_20Montaigne_20Clutch_20Leather_2D_0002.jpg?v=1658506565']","[[11458, 'https://cdn.shopify.com/s/files/1/0384/0161/products/129439-1_20Louis_20Vuitton_20Capucines_20Bag_20Limited_20Editi_2D_0002.jpg?v=1646670120'], [12030, 'https://cdn.shopify.com/s/files/1/0384/0161/products/138149-2_20Hermes_202424_20Bag_20Togo_20with_20Swift_2035_2D_0002.jpg?v=1654872604'], [12156, 'https://cdn.shopify.com/s/files/1/0384/0161/products/153020-1_20Hermes_20Jypsiere_20Bag_20Clemence_2037_2D_0002.jpg?v=1655480728'], [12138, 'https://cdn.shopify.com/s/files/1/0384/0161/products/143605-48_20Chanel_20Vintage_20Metal_20CC_20Backpack_20Caviar_20Medium_2D_0002.jpg?v=1655477548'], [11940, 'https://cdn.shopify.com/s/files/1/0384/0161/products/143286-1_20Chanel_20Vintage_20CC_20Chain_20Flap_20Bag_20Vertical_20Quilt_20Caviar_20Maxi_2D_0002.jpg?v=1654277844'], [11750, 'https://cdn.shopify.com/s/files/1/0384/0161/products/144224-1_20Chanel_20Trendy_20CC_20Top_20Handle_20Bag_20Quilted_20Lambskin_20Medium_2D_0002.jpg?v=1651856983'], [3878, 'https://cdn.shopify.com/s/files/1/0384/0161/products/159674-133_20Christian_20Dior_2030_20Montaigne_20Box_20Bag_20Leather_2D_0002.jpg?v=1659722769'], [11405, 'https://cdn.shopify.com/s/files/1/0384/0161/products/126662-8_20Chanel_20Jewelry_20Box_20Quilted_20Lambskin_2D_0002.jpg?v=1645115910'], [12162, 'https://cdn.shopify.com/s/files/1/0384/0161/products/153540-1_20Chanel_20Classic_20Double_20Flap_20Bag_20Quilted_20Caviar_20Medium_2D_0002.jpg?v=1655481495'], [11391, 'https://cdn.shopify.com/s/files/1/0384/0161/products/120477-1_20Hermes_20Kelly_20To_20Go_20Wallet_20Ostrich_2D_0002.jpg?v=1643644305']]",0.0,0.1,1.0
28,12236,euclidean,2.202516794204712,35.16575884819031,"[3269, 'https://cdn.shopify.com/s/files/1/0384/0161/products/161108-1_20Christian_20Dior_2030_20Montaigne_20Clutch_20Leather_2D_0002.jpg?v=1658506565']","[[3861, 'https://cdn.shopify.com/s/files/1/0384/0161/products/158841-26_20Saint_20Laurent_20Classic_20Monogram_20Tassel_20Crossbody_20Bag_20Crocodile_20Embossed_20Leather_20Medium_2D_0002.jpg?v=1659721263'], [4766, 'https://cdn.shopify.com/s/files/1/0384/0161/products/168736-1_20Prada_20Convertible_20Boston_20Bag_20with_20Utility_20Strap_20Saffiano_20Leather_20Mini_2D_0002.jpg?v=1662138480'], [6077, 'https://cdn.shopify.com/s/files/1/0384/0161/products/170511-41_20Celine_20Tabou_20Bag_20Smooth_20Calfskin_20Medium_2D_0002.jpg?v=1664567656'], [1636, 'https://cdn.shopify.com/s/files/1/0384/0161/products/152922-1_20Saint_20Laurent_20Classic_20Monogram_20College_20Bag_20Matelasse_20Chevron_20Leather_20Large_2D_0002.jpg?v=1654889155'], [1536, 'https://cdn.shopify.com/s/files/1/0384/0161/products/149504-1_20Saint_20Laurent_20LouLou_20Shoulder_20Bag_20Matelas_2D_0002.jpg?v=1654876149'], [2135, 'https://cdn.shopify.com/s/files/1/0384/0161/products/153293-4_20Louis_20Vuitton_20Palm_20Springs_20Backpack_20Monogram_20Canvas_20Mini_2D_0002.jpg?v=1656688444'], [2134, 'https://cdn.shopify.com/s/files/1/0384/0161/products/153293-1_20Louis_20Vuitton_20Palm_20Springs_20Backpack_20Monogram_20Canvas_20Mini_2D_0002.jpg?v=1656688435'], [4857, 'https://cdn.shopify.com/s/files/1/0384/0161/products/170035-1_20Christian_20Dior_20Saddle_20Chain_20Clutch_20Oblique_20Canvas_2D_0002.jpg?v=1662145269'], [1983, 'https://cdn.shopify.com/s/files/1/0384/0161/products/155329-1_20Louis_20Vuitton_20Palm_20Springs_20Backpack_20Reverse_20Monogram_20Canvas_20Mini_2D_0002.jpg?v=1656084777'], [3084, 'https://cdn.shopify.com/s/files/1/0384/0161/products/117032-533_20Tag_20Heuer_20Carrera_20Caliber_2016_20Chronograp_2D_0002.jpg?v=1644587453']]",0.1,0.1,0.3
29,12236,manhattan,2.2356269359588623,51.78230690956116,"[3269, 'https://cdn.shopify.com/s/files/1/0384/0161/products/161108-1_20Christian_20Dior_2030_20Montaigne_20Clutch_20Leather_2D_0002.jpg?v=1658506565']","[[3861, 'https://cdn.shopify.com/s/files/1/0384/0161/products/158841-26_20Saint_20Laurent_20Classic_20Monogram_20Tassel_20Crossbody_20Bag_20Crocodile_20Embossed_20Leather_20Medium_2D_0002.jpg?v=1659721263'], [4766, 'https://cdn.shopify.com/s/files/1/0384/0161/products/168736-1_20Prada_20Convertible_20Boston_20Bag_20with_20Utility_20Strap_20Saffiano_20Leather_20Mini_2D_0002.jpg?v=1662138480'], [1536, 'https://cdn.shopify.com/s/files/1/0384/0161/products/149504-1_20Saint_20Laurent_20LouLou_20Shoulder_20Bag_20Matelas_2D_0002.jpg?v=1654876149'], [2135, 'https://cdn.shopify.com/s/files/1/0384/0161/products/153293-4_20Louis_20Vuitton_20Palm_20Springs_20Backpack_20Monogram_20Canvas_20Mini_2D_0002.jpg?v=1656688444'], [4857, 'https://cdn.shopify.com/s/files/1/0384/0161/products/170035-1_20Christian_20Dior_20Saddle_20Chain_20Clutch_20Oblique_20Canvas_2D_0002.jpg?v=1662145269'], [1983, 'https://cdn.shopify.com/s/files/1/0384/0161/products/155329-1_20Louis_20Vuitton_20Palm_20Springs_20Backpack_20Reverse_20Monogram_20Canvas_20Mini_2D_0002.jpg?v=1656084777'], [2134, 'https://cdn.shopify.com/s/files/1/0384/0161/products/153293-1_20Louis_20Vuitton_20Palm_20Springs_20Backpack_20Monogram_20Canvas_20Mini_2D_0002.jpg?v=1656688435'], [1636, 'https://cdn.shopify.com/s/files/1/0384/0161/products/152922-1_20Saint_20Laurent_20Classic_20Monogram_20College_20Bag_20Matelasse_20Chevron_20Leather_20Large_2D_0002.jpg?v=1654889155'], [6077, 'https://cdn.shopify.com/s/files/1/0384/0161/products/170511-41_20Celine_20Tabou_20Bag_20Smooth_20Calfskin_20Medium_2D_0002.jpg?v=1664567656'], [3084, 'https://cdn.shopify.com/s/files/1/0384/0161/products/117032-533_20Tag_20Heuer_20Carrera_20Caliber_2016_20Chronograp_2D_0002.jpg?v=1644587453']]",0.1,0.1,0.3
