,Sample Size,Model,Running Time,Input_Item,Recommended_Item,Metric,Training Time,Category_hit,designer_hit,exterior_color_hit
0,12236,,19.25931215286255,"[13, 'https://cdn.shopify.com/s/files/1/0384/0161/products/119187-1_20Louis_20Vuitton_20Pallas_20Shopper_20Monogram_20Can_2D_0002.jpg?v=1642084454']","[[4405, 'https://cdn.shopify.com/s/files/1/0384/0161/products/165448-2_20Louis_20Vuitton_20Pallas_20Shopper_20Monogram_20Canvas_20and_20Calfskin_2D_0002.jpg?v=1660936920'], [136, 'https://cdn.shopify.com/s/files/1/0384/0161/products/121929-85_20Louis_20Vuitton_20Pallas_20Shopper_20Monogram_20Ca_2D_0002.jpg?v=1646666269'], [2338, 'https://cdn.shopify.com/s/files/1/0384/0161/products/149416-1_20Louis_20Vuitton_20Pallas_20Tote_20Monogram_20Canvas_2D_0002.jpg?v=1653668430'], [2798, 'https://cdn.shopify.com/s/files/1/0384/0161/products/156356-12_20Louis_20Vuitton_20Shopper_20Monogram_20Etoile_2D_0002.jpg?v=1657897656'], [1827, 'https://cdn.shopify.com/s/files/1/0384/0161/products/154698-1_20Louis_20Vuitton_20Rivoli_20Handbag_20Damier_20MM_2D_0002.jpg?v=1655488101'], [6294, 'https://cdn.shopify.com/s/files/1/0384/0161/products/159406-1_20Louis_20Vuitton_20Papillon_20Trunk_20Bag_20Monogram_20Canvas_2D_0002.jpg?v=1659276932'], [6302, 'https://cdn.shopify.com/s/files/1/0384/0161/products/154727-1_20Louis_20Vuitton_20LV_20Riverside_20Handbag_20Damier_2D_0002.jpg?v=1658499966'], [6315, 'https://cdn.shopify.com/s/files/1/0384/0161/products/161626-1_20Louis_20Vuitton_20Boite_20Chapeau_20Souple_20Bag_20Monogram_20Canvas_20MM_2D_0002.jpg?v=1658509537'], [6381, 'https://cdn.shopify.com/s/files/1/0384/0161/products/135405-42_20Louis_20Vuitton_20Dauphine_20Shoulder_20Bag_20Reverse_20Monogram_20Canvas_20Mini_2D_0002.jpg?v=1654872047'], [6346, 'https://cdn.shopify.com/s/files/1/0384/0161/products/159586-1_20Louis_20Vuitton_20LV_20Riverside_20Handbag_20Damier_2D_0002.jpg?v=1657902910']]",cosine,2.3658740520477295,0.7,1.0,0.9
1,12236,,27.551932334899902,"[13, 'https://cdn.shopify.com/s/files/1/0384/0161/products/119187-1_20Louis_20Vuitton_20Pallas_20Shopper_20Monogram_20Can_2D_0002.jpg?v=1642084454']","[[4642, 'https://cdn.shopify.com/s/files/1/0384/0161/products/164531-1_20Louis_20Vuitton_20Berkeley_20Handbag_20Damier_2D_0002.jpg?v=1661525763'], [4169, 'https://cdn.shopify.com/s/files/1/0384/0161/products/164968-2_20Louis_20Vuitton_20Nice_20Vanity_20Case_20Monogram_20Canvas_20BB_2D_0002.jpg?v=1660329942'], [1696, 'https://cdn.shopify.com/s/files/1/0384/0161/products/142641-10_20Louis_20Vuitton_20Alma_20Handbag_20Monogram_20Canvas_20BB_2D_0002.jpg?v=1655477680'], [4018, 'https://cdn.shopify.com/s/files/1/0384/0161/products/159115-9_20Louis_20Vuitton_20Ursula_20Handbag_20Monogram_20Multicolor_2D_0002.jpg?v=1659733705'], [1, 'https://cdn.shopify.com/s/files/1/0384/0161/products/116252-2_20Louis_20Vuitton_20Doc_20Handbag_20Monogram_20Shine_2D_0002.jpg?v=1641223961'], [4012, 'https://cdn.shopify.com/s/files/1/0384/0161/products/164638-1_20Louis_20Vuitton_20Sully_20Handbag_20Monogram_20Canvas_20PM_2D_0002.jpg?v=1659732851'], [5429, 'https://cdn.shopify.com/s/files/1/0384/0161/products/170256-3_20Fendi_20Mon_20Tresor_20Bucket_20Bag_20Zucca_20Coated_20Canvas_20Small_2D_0002.jpg?v=1663353069'], [5831, 'https://cdn.shopify.com/s/files/1/0384/0161/products/173392-3_20Gucci_20Padlock_20Shoulder_20Bag_20Printed_20GG_20Coated_20Canvas_20Small_2D_0002.jpg?v=1663966576'], [5427, 'https://cdn.shopify.com/s/files/1/0384/0161/products/170256-1_20Gucci_20XL_20Tote_20Embroidered_20Printed_20GG_20Coated_20Canvas_20Medium_2D_0002.jpg?v=1663353058'], [1921, 'https://cdn.shopify.com/s/files/1/0384/0161/products/137665-33_20Gucci_20Disney_20Donald_20Duck_20Convertible_20Tote_20Printed_20GG_20Coated_20Canvas_20Medium_2D_0002.jpg?v=1656080489']]",euclidean,1.686434030532837,0.2,0.6,0.8
2,12236,,37.91219425201416,"[13, 'https://cdn.shopify.com/s/files/1/0384/0161/products/119187-1_20Louis_20Vuitton_20Pallas_20Shopper_20Monogram_20Can_2D_0002.jpg?v=1642084454']","[[4642, 'https://cdn.shopify.com/s/files/1/0384/0161/products/164531-1_20Louis_20Vuitton_20Berkeley_20Handbag_20Damier_2D_0002.jpg?v=1661525763'], [4169, 'https://cdn.shopify.com/s/files/1/0384/0161/products/164968-2_20Louis_20Vuitton_20Nice_20Vanity_20Case_20Monogram_20Canvas_20BB_2D_0002.jpg?v=1660329942'], [828, 'https://cdn.shopify.com/s/files/1/0384/0161/products/145884-2_20Louis_20Vuitton_20Estrela_20Handbag_20Monogram_20Canvas_20MM_2D_0002.jpg?v=1651851472'], [764, 'https://cdn.shopify.com/s/files/1/0384/0161/products/143118-1_20Louis_20Vuitton_20Estrela_20Handbag_20Monogram_20Canvas_20MM_2D_0002.jpg?v=1651249465'], [876, 'https://cdn.shopify.com/s/files/1/0384/0161/products/146857-1_20Louis_20Vuitton_20Estrela_20Handbag_20Monogram_20Canvas_20MM_2D_0002.jpg?v=1651868065'], [852, 'https://cdn.shopify.com/s/files/1/0384/0161/products/143926-2_20Louis_20Vuitton_20Estrela_20Handbag_20Monogram_20Canvas_20MM_2D_0002.jpg?v=1651853569'], [829, 'https://cdn.shopify.com/s/files/1/0384/0161/products/141922-6_20Louis_20Vuitton_20Estrela_20Handbag_20Monogram_20Canvas_20MM_2D_0002.jpg?v=1651851485'], [877, 'https://cdn.shopify.com/s/files/1/0384/0161/products/143925-2_20Louis_20Vuitton_20Estrela_20Handbag_20Monogram_20Canvas_20MM_2D_0002.jpg?v=1651853545'], [106, 'https://cdn.shopify.com/s/files/1/0384/0161/products/128977-4_20Louis_20Vuitton_20Estrela_20Handbag_20Monogram_20Ca_2D_0002.jpg?v=1646069625'], [783, 'https://cdn.shopify.com/s/files/1/0384/0161/products/144376-1_20Louis_20Vuitton_20Estrela_20Handbag_20Monogram_20Canvas_20MM_2D_0002.jpg?v=1651260058']]",manhattan,1.7133798599243164,0.8,1.0,0.9
3,12236,,16.192590713500977,"[2380, 'https://cdn.shopify.com/s/files/1/0384/0161/products/146403-1_20Chanel_20Timeless_20CC_20Soft_20Tote_20Caviar_20Medium_2D_0002.jpg?v=1652468801']","[[5274, 'https://cdn.shopify.com/s/files/1/0384/0161/products/143264-1_20Chanel_20Timeless_20CC_20Soft_20Tote_20Caviar_20Medium_2D_0002.jpg?v=1651853713'], [6330, 'https://cdn.shopify.com/s/files/1/0384/0161/products/159383-3_20Chanel_20Grand_20Shopping_20Tote_20Quilted_20Caviar_2D_0002.jpg?v=1658507724'], [3796, 'https://cdn.shopify.com/s/files/1/0384/0161/products/153141-1_20Chanel_20Timeless_20CC_20Soft_20Tote_20Caviar_20Medium_2D_0002.jpg?v=1654889722'], [5119, 'https://cdn.shopify.com/s/files/1/0384/0161/products/143882-1_20Chanel_20Shopping_20Tote_20Quilted_20Calfskin_20Medium_2D_0002.jpg?v=1651861189'], [11965, 'https://cdn.shopify.com/s/files/1/0384/0161/products/142641-70_20Chanel_20Boy_20Flap_20Bag_20Chevron_20Caviar_20Old_20Medium_2D_0002.jpg?v=1654282461'], [4461, 'https://cdn.shopify.com/s/files/1/0384/0161/products/163106-47_20Chanel_20CC_20Pocket_20Hobo_20Quilted_20Caviar_20Medium_2D_0002.jpg?v=1660940296'], [4984, 'https://cdn.shopify.com/s/files/1/0384/0161/products/157239-1_20Chanel_20Grand_20Shopping_20Tote_20Quilted_20Caviar_2D_0002.jpg?v=1656088329'], [12020, 'https://cdn.shopify.com/s/files/1/0384/0161/products/131778-59_20Chanel_20Boy_20Flap_20Bag_20Quilted_20Lambskin_20Old_20Medium_2D_0002.jpg?v=1651856646'], [11493, 'https://cdn.shopify.com/s/files/1/0384/0161/products/128134-1_20Chanel_20Boy_20Flap_20Bag_20Quilted_20Caviar_20Old_20Me_2D_0002.jpg?v=1647283040'], [11852, 'https://cdn.shopify.com/s/files/1/0384/0161/products/149672-1_20Chanel_20Boy_20Flap_20Bag_20Chevron_20Caviar_20and_20Calfskin_20Old_20Medium_2D_0002.jpg?v=1653074715']]",cosine,1.7314727306365967,0.6,1.0,0.5
4,12236,,24.557492971420288,"[2380, 'https://cdn.shopify.com/s/files/1/0384/0161/products/146403-1_20Chanel_20Timeless_20CC_20Soft_20Tote_20Caviar_20Medium_2D_0002.jpg?v=1652468801']","[[3941, 'https://cdn.shopify.com/s/files/1/0384/0161/products/157503-1_20Balenciaga_20Logo_20Strap_20City_20Classic_20Studs_20Bag_20Leather_20Small_2D_0002.jpg?v=1659727096'], [2426, 'https://cdn.shopify.com/s/files/1/0384/0161/products/126635-103_20Louis_20Vuitton_20Avenue_20Backpack_20Damier_20In_2D_0002.jpg?v=1650902459'], [6026, 'https://cdn.shopify.com/s/files/1/0384/0161/products/166463-5_20Chanel_20Round_20Clutch_20with_20Chain_20Stitched_20Lambskin_20Mini_2D_0002.jpg?v=1664564875'], [1258, 'https://cdn.shopify.com/s/files/1/0384/0161/products/121991-37_20Chanel_20Wallet_20on_20Chain_20Camellia_20Lambskin_2D_0002.jpg?v=1647281106'], [5942, 'https://cdn.shopify.com/s/files/1/0384/0161/products/166463-6_20Chanel_20Timeless_20Wallet_20on_20Chain_20Caviar_2D_0002.jpg?v=1664560685'], [5774, 'https://cdn.shopify.com/s/files/1/0384/0161/products/172866-1_20Chanel_20Timeless_20Wallet_20on_20Chain_20Caviar_2D_0002.jpg?v=1663962506'], [2381, 'https://cdn.shopify.com/s/files/1/0384/0161/products/135991-40_20Chanel_20Vintage_20CC_20Drawstring_20Bucket_20Bag_20Lambskin_20Small_2D_0002.jpg?v=1652455342'], [3258, 'https://cdn.shopify.com/s/files/1/0384/0161/products/156356-154_20Louis_20Vuitton_20Scala_20Pouch_20Bag_20Mahina_20Leather_20Mini_2D_0002.jpg?v=1658505929'], [2180, 'https://cdn.shopify.com/s/files/1/0384/0161/products/155612-1_20Christian_20Dior_20Lady_20Dior_20Bag_20Cannage_20Quilt_20Lambskin_20Large_2D_0002.jpg?v=1656690987'], [1308, 'https://cdn.shopify.com/s/files/1/0384/0161/products/114722-187_20Christian_20Dior_20Diorama_20Flap_20Bag_20Patent_20Medium_2D_0002.jpg?v=1644011044']]",euclidean,1.688608169555664,0.1,0.5,0.3
5,12236,,34.78882884979248,"[2380, 'https://cdn.shopify.com/s/files/1/0384/0161/products/146403-1_20Chanel_20Timeless_20CC_20Soft_20Tote_20Caviar_20Medium_2D_0002.jpg?v=1652468801']","[[2426, 'https://cdn.shopify.com/s/files/1/0384/0161/products/126635-103_20Louis_20Vuitton_20Avenue_20Backpack_20Damier_20In_2D_0002.jpg?v=1650902459'], [3941, 'https://cdn.shopify.com/s/files/1/0384/0161/products/157503-1_20Balenciaga_20Logo_20Strap_20City_20Classic_20Studs_20Bag_20Leather_20Small_2D_0002.jpg?v=1659727096'], [6026, 'https://cdn.shopify.com/s/files/1/0384/0161/products/166463-5_20Chanel_20Round_20Clutch_20with_20Chain_20Stitched_20Lambskin_20Mini_2D_0002.jpg?v=1664564875'], [5942, 'https://cdn.shopify.com/s/files/1/0384/0161/products/166463-6_20Chanel_20Timeless_20Wallet_20on_20Chain_20Caviar_2D_0002.jpg?v=1664560685'], [1258, 'https://cdn.shopify.com/s/files/1/0384/0161/products/121991-37_20Chanel_20Wallet_20on_20Chain_20Camellia_20Lambskin_2D_0002.jpg?v=1647281106'], [1429, 'https://cdn.shopify.com/s/files/1/0384/0161/products/145232-274_20Chanel_20Street_20Allure_20Waist_20Bag_20Quilted_20Tweed_2D_0002.jpg?v=1654286822'], [5774, 'https://cdn.shopify.com/s/files/1/0384/0161/products/172866-1_20Chanel_20Timeless_20Wallet_20on_20Chain_20Caviar_2D_0002.jpg?v=1663962506'], [3258, 'https://cdn.shopify.com/s/files/1/0384/0161/products/156356-154_20Louis_20Vuitton_20Scala_20Pouch_20Bag_20Mahina_20Leather_20Mini_2D_0002.jpg?v=1658505929'], [2381, 'https://cdn.shopify.com/s/files/1/0384/0161/products/135991-40_20Chanel_20Vintage_20CC_20Drawstring_20Bucket_20Bag_20Lambskin_20Small_2D_0002.jpg?v=1652455342'], [2180, 'https://cdn.shopify.com/s/files/1/0384/0161/products/155612-1_20Christian_20Dior_20Lady_20Dior_20Bag_20Cannage_20Quilt_20Lambskin_20Large_2D_0002.jpg?v=1656690987']]",manhattan,1.738157033920288,0.1,0.6,0.3
6,12236,,16.674423933029175,"[1627, 'https://cdn.shopify.com/s/files/1/0384/0161/products/137664-74_20Louis_20Vuitton_20Sofia_20Coppola_20SC_20Bag_20Leather_20BB_2D_0002.jpg?v=1654888048']","[[5051, 'https://cdn.shopify.com/s/files/1/0384/0161/products/138633-245_20Louis_20Vuitton_20W_20Tote_20Veau_20Cachemire_20Calfskin_20BB_2D_0002.jpg?v=1654879585'], [11946, 'https://cdn.shopify.com/s/files/1/0384/0161/products/147119-1_20Louis_20Vuitton_20Keepall_20Bandouliere_20Bag_20Limited_20Edition_20Supreme_20Epi_20Leather_2055_2D_0002.jpg?v=1654278795'], [12181, 'https://cdn.shopify.com/s/files/1/0384/0161/products/144848-4_20Chanel_20Classic_20Double_20Flap_20Bag_20Quilted_20Caviar_20Jumbo_2D_0002.jpg?v=1655483624'], [12189, 'https://cdn.shopify.com/s/files/1/0384/0161/products/143795-89_20Louis_20Vuitton_20Keepall_20Bandouliere_20Bag_20Limited_20Edition_20Supreme_20Epi_20Leather_2045_2D_0002.jpg?v=1655484133'], [11730, 'https://cdn.shopify.com/s/files/1/0384/0161/products/140412-1_20Louis_20Vuitton_20Keepall_20Bandouliere_20Bag_20Limited_20Edition_20Supreme_20Epi_20Leather_2045_2D_0002.jpg?v=1651859446'], [12074, 'https://cdn.shopify.com/s/files/1/0384/0161/products/145429-380_20Chanel_20Vintage_20Classic_20Double_20Flap_20Bag_20Quilted_20Caviar_20Medium_2D_0002.jpg?v=1654880826'], [11403, 'https://cdn.shopify.com/s/files/1/0384/0161/products/117485-177_20Louis_20Vuitton_20Keepall_20Bandouliere_20Bag_20Limited_20Edition_20Supreme_20Epi_20Leather_2045_2D_0002.jpg?v=1645113531'], [11531, 'https://cdn.shopify.com/s/files/1/0384/0161/products/117485-2_20Louis_20Vuitton_20Keepall_20Bandouliere_20Bag_20Lim_2D_0002.jpg?v=1645113508'], [12097, 'https://cdn.shopify.com/s/files/1/0384/0161/products/152059-1_20Louis_20Vuitton_20Petite_20Malle_20Handbag_20Python_2D_0002.jpg?v=1654884788'], [11741, 'https://cdn.shopify.com/s/files/1/0384/0161/products/143394-1_20Louis_20Vuitton_20Petite_20Malle_20Handbag_20Python_2D_0002.jpg?v=1651859842']]",cosine,1.7306952476501465,0.0,0.8,0.0
7,12236,,24.834280014038086,"[1627, 'https://cdn.shopify.com/s/files/1/0384/0161/products/137664-74_20Louis_20Vuitton_20Sofia_20Coppola_20SC_20Bag_20Leather_20BB_2D_0002.jpg?v=1654888048']","[[3354, 'https://cdn.shopify.com/s/files/1/0384/0161/products/125155-1_20Louis_20Vuitton_20Mazarine_20Handbag_20Monogram_20Empreinte_20Leather_20PM_2D_0002.jpg?v=1644528980'], [2058, 'https://cdn.shopify.com/s/files/1/0384/0161/products/143272-32_20Chanel_20CC_20Bowler_20Bag_20Caviar_20Medium_2D_0002.jpg?v=1656094161'], [545, 'https://cdn.shopify.com/s/files/1/0384/0161/products/122640-7_20Louis_20Vuitton_20Twist_20Handbag_20Epi_20Leather_20M_2D_0002.jpg?v=1643908685'], [6167, 'https://cdn.shopify.com/s/files/1/0384/0161/products/151348-52_20Saint_20Laurent_20Men_s_20Motorcycle_20Jacket_20Leather_2D_0002.jpg?v=1658151255'], [6136, 'https://cdn.shopify.com/s/files/1/0384/0161/products/174575-1_20Goyard_20Saint_20Louis_20Tote_20Coated_20Canvas_20GM_2D_0002.jpg?v=1664572106'], [3621, 'https://cdn.shopify.com/s/files/1/0384/0161/products/154038-156_20Chanel_20La_20Pausa_20Bay_20Camera_20Case_20Bag_20Printed_20Canvas_20Small_2D_0002.jpg?v=1659285128'], [1602, 'https://cdn.shopify.com/s/files/1/0384/0161/products/150526-1_20Saint_20Laurent_20Sac_20de_20Jour_20NM_20Bag_20Leather_2D_0002.jpg?v=1654884013'], [4228, 'https://cdn.shopify.com/s/files/1/0384/0161/products/165660-1_20Tiffany_20_26_20Co._20Atlas_20Hoop_20Earrings_2018K_20Whi_2D_0002.jpg?v=1660337144'], [1485, 'https://cdn.shopify.com/s/files/1/0384/0161/products/137665-100_20Bottega_20Veneta_20Cassette_20Messenger_20Bag_20Maxi_20Intrecciato_20Paper_20Calfskin_2D_0002.jpg?v=1654872584'], [908, 'https://cdn.shopify.com/s/files/1/0384/0161/products/145153-1_20Saint_20Laurent_20Sac_20de_20Jour_20NM_20Bag_20Crocodile_20Embossed_20Leather_20Baby_2D_0002.jpg?v=1652458220']]",euclidean,1.6450796127319336,0.1,0.2,0.0
8,12236,,35.355618953704834,"[1627, 'https://cdn.shopify.com/s/files/1/0384/0161/products/137664-74_20Louis_20Vuitton_20Sofia_20Coppola_20SC_20Bag_20Leather_20BB_2D_0002.jpg?v=1654888048']","[[3354, 'https://cdn.shopify.com/s/files/1/0384/0161/products/125155-1_20Louis_20Vuitton_20Mazarine_20Handbag_20Monogram_20Empreinte_20Leather_20PM_2D_0002.jpg?v=1644528980'], [2058, 'https://cdn.shopify.com/s/files/1/0384/0161/products/143272-32_20Chanel_20CC_20Bowler_20Bag_20Caviar_20Medium_2D_0002.jpg?v=1656094161'], [545, 'https://cdn.shopify.com/s/files/1/0384/0161/products/122640-7_20Louis_20Vuitton_20Twist_20Handbag_20Epi_20Leather_20M_2D_0002.jpg?v=1643908685'], [6136, 'https://cdn.shopify.com/s/files/1/0384/0161/products/174575-1_20Goyard_20Saint_20Louis_20Tote_20Coated_20Canvas_20GM_2D_0002.jpg?v=1664572106'], [1602, 'https://cdn.shopify.com/s/files/1/0384/0161/products/150526-1_20Saint_20Laurent_20Sac_20de_20Jour_20NM_20Bag_20Leather_2D_0002.jpg?v=1654884013'], [908, 'https://cdn.shopify.com/s/files/1/0384/0161/products/145153-1_20Saint_20Laurent_20Sac_20de_20Jour_20NM_20Bag_20Crocodile_20Embossed_20Leather_20Baby_2D_0002.jpg?v=1652458220'], [4228, 'https://cdn.shopify.com/s/files/1/0384/0161/products/165660-1_20Tiffany_20_26_20Co._20Atlas_20Hoop_20Earrings_2018K_20Whi_2D_0002.jpg?v=1660337144'], [6167, 'https://cdn.shopify.com/s/files/1/0384/0161/products/151348-52_20Saint_20Laurent_20Men_s_20Motorcycle_20Jacket_20Leather_2D_0002.jpg?v=1658151255'], [3621, 'https://cdn.shopify.com/s/files/1/0384/0161/products/154038-156_20Chanel_20La_20Pausa_20Bay_20Camera_20Case_20Bag_20Printed_20Canvas_20Small_2D_0002.jpg?v=1659285128'], [1485, 'https://cdn.shopify.com/s/files/1/0384/0161/products/137665-100_20Bottega_20Veneta_20Cassette_20Messenger_20Bag_20Maxi_20Intrecciato_20Paper_20Calfskin_2D_0002.jpg?v=1654872584']]",manhattan,1.7927658557891846,0.1,0.2,0.0
9,12236,,16.12237286567688,"[6677, 'https://cdn.shopify.com/s/files/1/0384/0161/products/81959-35_20Bottega_20Veneta_20AirPods_20Case_20with_20Strap_20In_2D_0002.jpg?v=1623087261']","[[11197, 'https://cdn.shopify.com/s/files/1/0384/0161/products/159680-236_20Bottega_20Veneta_20Maxi_20Cabat_20Bag_20Charm_20Intrecciato_20Nappa_2D_0002.jpg?v=1659289865'], [10730, 'https://cdn.shopify.com/s/files/1/0384/0161/products/169042-319_20Alexander_20McQueen_20Skull_20Envelope_20Clutch_20Leather_2D_0002.jpg?v=1663963449'], [10007, 'https://cdn.shopify.com/s/files/1/0384/0161/products/166997-351_20Fendi_20Chaos_20Phone_20Case_20with_20Chain_20Leather_20and_20Metal_2D_0002.jpg?v=1662752507'], [10206, 'https://cdn.shopify.com/s/files/1/0384/0161/products/166997-194_20Fendi_20FF_20Logo_20AirPods_20Case_20Snakeskin_20Embossed_20Leather_2D_0002.jpg?v=1663358186'], [7853, 'https://cdn.shopify.com/s/files/1/0384/0161/products/150488-1_20Prada_20AirPods_20Flap_20Case_20Saffiano_20Leather_2D_0002.jpg?v=1653680310'], [10166, 'https://cdn.shopify.com/s/files/1/0384/0161/products/170594-1_20Bottega_20Veneta_20Women_s_20Almond_20Pumps_20Leath_2D_0002.jpg?v=1663356408'], [10165, 'https://cdn.shopify.com/s/files/1/0384/0161/products/172027-1_20Loewe_20Heel_20Crossbody_20Bag_20Leather_20Mini_2D_0002.jpg?v=1663356401'], [11092, 'https://cdn.shopify.com/s/files/1/0384/0161/products/169067-1_20Bottega_20Veneta_20Women_s_20Squared_20Toe_20Heeled_2D_0002.jpg?v=1662139791'], [9989, 'https://cdn.shopify.com/s/files/1/0384/0161/products/169190-2_20Valentino_20Women_s_20Rockstud_20Heeled_20Sandals_20Leather_2D_0002.jpg?v=1662750823'], [10081, 'https://cdn.shopify.com/s/files/1/0384/0161/products/172240-1_20Bottega_20Veneta_20Wallet_20on_20Chain_20Intrecciato_20Nappa_2D_0002.jpg?v=1662756905']]",cosine,1.7084147930145264,0.3,0.4,0.5
10,12236,,26.58352279663086,"[6677, 'https://cdn.shopify.com/s/files/1/0384/0161/products/81959-35_20Bottega_20Veneta_20AirPods_20Case_20with_20Strap_20In_2D_0002.jpg?v=1623087261']","[[6569, 'https://cdn.shopify.com/s/files/1/0384/0161/products/121553-3_20Hermes_20Pavane_20Double_20Tour_20Bracelet_20Leather_2D_0002.jpg?v=1643655812'], [6931, 'https://cdn.shopify.com/s/files/1/0384/0161/products/138507-2_20Louis_20Vuitton_20Luggage_20Tag_20NM_20Vachetta_20Lea_2D_0002.jpg?v=1649958588'], [7505, 'https://cdn.shopify.com/s/files/1/0384/0161/products/150894-1_20Louis_20Vuitton_20Luggage_20Tag_20Monogram_20Canvas_2D_0002.jpg?v=1654286125'], [6548, 'https://cdn.shopify.com/s/files/1/0384/0161/products/118729-2_20Bottega_20Veneta_20Intrecciato_20Buckle_20Belt_20Leather_20Medium_2D_0002.jpg?v=1643648332'], [6517, 'https://cdn.shopify.com/s/files/1/0384/0161/products/87417-8_20Gucci_20Tablet_20Case_20Embroidered_20Techno_20Canvas_2D_0002.jpg?v=1629738241'], [7168, 'https://cdn.shopify.com/s/files/1/0384/0161/products/144853-3_20Louis_20Vuitton_204_20Key_20Holder_20Taiga_20Leather_2D_0002.jpg?v=1651863506'], [6486, 'https://cdn.shopify.com/s/files/1/0384/0161/products/84669-243_20Bottega_20Veneta_20Trifold_20Coin_20Purse_20Intrec_2D_0002.jpg?v=1637168621'], [6463, 'https://cdn.shopify.com/s/files/1/0384/0161/products/106078-2_20Fendi_20Mini_20Strap_20You_20Short_20Shoulder_20Strap_2D_0002.jpg?v=1636397816'], [6484, 'https://cdn.shopify.com/s/files/1/0384/0161/products/100866-404_20Hermes_20Le_2024_20Coin_20Purse_20Leather_2D_0002.jpg?v=1637167309'], [6664, 'https://cdn.shopify.com/s/files/1/0384/0161/products/128797-3_20Louis_20Vuitton_204_20Key_20Holder_20Epi_20Leather_2D_0002.jpg?v=1646076435']]",euclidean,1.673496961593628,0.1,0.2,0.3
11,12236,,123.27390265464783,"[6677, 'https://cdn.shopify.com/s/files/1/0384/0161/products/81959-35_20Bottega_20Veneta_20AirPods_20Case_20with_20Strap_20In_2D_0002.jpg?v=1623087261']","[[6569, 'https://cdn.shopify.com/s/files/1/0384/0161/products/121553-3_20Hermes_20Pavane_20Double_20Tour_20Bracelet_20Leather_2D_0002.jpg?v=1643655812'], [6548, 'https://cdn.shopify.com/s/files/1/0384/0161/products/118729-2_20Bottega_20Veneta_20Intrecciato_20Buckle_20Belt_20Leather_20Medium_2D_0002.jpg?v=1643648332'], [7505, 'https://cdn.shopify.com/s/files/1/0384/0161/products/150894-1_20Louis_20Vuitton_20Luggage_20Tag_20Monogram_20Canvas_2D_0002.jpg?v=1654286125'], [6931, 'https://cdn.shopify.com/s/files/1/0384/0161/products/138507-2_20Louis_20Vuitton_20Luggage_20Tag_20NM_20Vachetta_20Lea_2D_0002.jpg?v=1649958588'], [7168, 'https://cdn.shopify.com/s/files/1/0384/0161/products/144853-3_20Louis_20Vuitton_204_20Key_20Holder_20Taiga_20Leather_2D_0002.jpg?v=1651863506'], [6484, 'https://cdn.shopify.com/s/files/1/0384/0161/products/100866-404_20Hermes_20Le_2024_20Coin_20Purse_20Leather_2D_0002.jpg?v=1637167309'], [6664, 'https://cdn.shopify.com/s/files/1/0384/0161/products/128797-3_20Louis_20Vuitton_204_20Key_20Holder_20Epi_20Leather_2D_0002.jpg?v=1646076435'], [6517, 'https://cdn.shopify.com/s/files/1/0384/0161/products/87417-8_20Gucci_20Tablet_20Case_20Embroidered_20Techno_20Canvas_2D_0002.jpg?v=1629738241'], [6463, 'https://cdn.shopify.com/s/files/1/0384/0161/products/106078-2_20Fendi_20Mini_20Strap_20You_20Short_20Shoulder_20Strap_2D_0002.jpg?v=1636397816'], [6486, 'https://cdn.shopify.com/s/files/1/0384/0161/products/84669-243_20Bottega_20Veneta_20Trifold_20Coin_20Purse_20Intrec_2D_0002.jpg?v=1637168621']]",manhattan,1.7621979713439941,0.1,0.2,0.3
12,12236,,16.410528898239136,"[4380, 'https://cdn.shopify.com/s/files/1/0384/0161/products/141768-38_20Louis_20Vuitton_20Josh_20Backpack_20Limited_20Edition_20Damier_20Infini_2D_0002.jpg?v=1654281918']","[[5464, 'https://cdn.shopify.com/s/files/1/0384/0161/products/169042-157_20Louis_20Vuitton_20Josh_20Backpack_20Limited_20Edition_20Damier_20Infini_2D_0002.jpg?v=1663355094'], [2426, 'https://cdn.shopify.com/s/files/1/0384/0161/products/126635-103_20Louis_20Vuitton_20Avenue_20Backpack_20Damier_20In_2D_0002.jpg?v=1650902459'], [3286, 'https://cdn.shopify.com/s/files/1/0384/0161/products/159206-1_20Louis_20Vuitton_20Campus_20Backpack_20Damier_20Infini_20Leather_2D_0002.jpg?v=1658507821'], [5811, 'https://cdn.shopify.com/s/files/1/0384/0161/products/173911-3_20Louis_20Vuitton_20Campus_20Backpack_20Damier_20Infini_20Leather_2D_0002.jpg?v=1663964793'], [4301, 'https://cdn.shopify.com/s/files/1/0384/0161/products/118037-2_20Louis_20Vuitton_20Apollo_20Backpack_20Limited_20Edi_2D_0002.jpg?v=1647877569'], [3685, 'https://cdn.shopify.com/s/files/1/0384/0161/products/136545-1_20Louis_20Vuitton_20Campus_20Backpack_20Damier_20Infini_20Leather_2D_0002.jpg?v=1650057666'], [12163, 'https://cdn.shopify.com/s/files/1/0384/0161/products/131767-232_20Louis_20Vuitton_20Christopher_20Backpack_20Monogram_20Tapestry_20Canvas_20PM_2D_0002.jpg?v=1655481587'], [11561, 'https://cdn.shopify.com/s/files/1/0384/0161/products/132176-1_20Louis_20Vuitton_20Multipocket_20Backpack_20Limite_2D_0002.jpg?v=1649088823'], [4274, 'https://cdn.shopify.com/s/files/1/0384/0161/products/166733-1_20Louis_20Vuitton_20Drawstring_20Backpack_20Limited_20Edition_20Damier_20Cobalt_20Race_2D_0002.jpg?v=1660341297'], [4775, 'https://cdn.shopify.com/s/files/1/0384/0161/products/163115-274_20Louis_20Vuitton_20Canyon_20Backpack_20Utah_20Leather_2D_0002.jpg?v=1662139183']]",cosine,1.9148008823394775,1.0,1.0,0.8
13,12236,,24.82470393180847,"[4380, 'https://cdn.shopify.com/s/files/1/0384/0161/products/141768-38_20Louis_20Vuitton_20Josh_20Backpack_20Limited_20Edition_20Damier_20Infini_2D_0002.jpg?v=1654281918']","[[682, 'https://cdn.shopify.com/s/files/1/0384/0161/products/126635-288_20Louis_20Vuitton_20Outdoor_20Messenger_20Monogram_20Taigarama_2D_0002.jpg?v=1650042838'], [1597, 'https://cdn.shopify.com/s/files/1/0384/0161/products/138149-128_20Louis_20Vuitton_20Discovery_20Bumbag_20Limited_20Edition_20Monogram_20Galaxy_20Canvas_2D_0002.jpg?v=1654882755'], [4134, 'https://cdn.shopify.com/s/files/1/0384/0161/products/161880-33_20Saint_20Laurent_20West_20Hollywood_20Shoulder_20Bag_20Crocodile_20Embossed_20Leather_20Medium_2D_0002.jpg?v=1660327880'], [3570, 'https://cdn.shopify.com/s/files/1/0384/0161/products/162498-1_20Louis_20Vuitton_20Noe_20Handbag_20Monogram_20Canvas_20Large_2D_0002.jpg?v=1659280939'], [2053, 'https://cdn.shopify.com/s/files/1/0384/0161/products/154312-1_20Saint_20Laurent_20Classic_20Monogram_20Tassel_20Crossbody_20Bag_20Grainy_20Leather_20Small_2D_0002.jpg?v=1656093052'], [5914, 'https://cdn.shopify.com/s/files/1/0384/0161/products/143272-77_20Louis_20Vuitton_20Neverfull_20NM_20Tote_20Limited_20Edition_20Escale_20Monogram_20Giant_20MM_2D_0002.jpg?v=1653673383'], [568, 'https://cdn.shopify.com/s/files/1/0384/0161/products/125911-321_20Chanel_20Name_20Plate_20Tote_20Quilted_20Glazed_20Calfskin_20Medium_2D_0002.jpg?v=1644585865'], [1812, 'https://cdn.shopify.com/s/files/1/0384/0161/products/152525-3_20Chanel_20Vintage_20Chocolate_20Bar_20Mademoiselle_20Multipocket_20Flap_20Bag_20Quilted_20Suede_20Medium_2D_0002.jpg?v=1655485891'], [1018, 'https://cdn.shopify.com/s/files/1/0384/0161/products/144490-1_20Saint_20Laurent_20Sunset_20Crossbody_20Bag_20Leather_20Medium_2D_0002.jpg?v=1653064791'], [4199, 'https://cdn.shopify.com/s/files/1/0384/0161/products/162751-13_20Fendi_20Shopper_20Tote_20Joshua_20Vides_20Zucca_20Coated_20Canvas_20Large_2D_0002.jpg?v=1660333607']]",euclidean,1.6961281299591064,0.0,0.4,0.3
14,12236,,35.06610083580017,"[4380, 'https://cdn.shopify.com/s/files/1/0384/0161/products/141768-38_20Louis_20Vuitton_20Josh_20Backpack_20Limited_20Edition_20Damier_20Infini_2D_0002.jpg?v=1654281918']","[[682, 'https://cdn.shopify.com/s/files/1/0384/0161/products/126635-288_20Louis_20Vuitton_20Outdoor_20Messenger_20Monogram_20Taigarama_2D_0002.jpg?v=1650042838'], [1597, 'https://cdn.shopify.com/s/files/1/0384/0161/products/138149-128_20Louis_20Vuitton_20Discovery_20Bumbag_20Limited_20Edition_20Monogram_20Galaxy_20Canvas_2D_0002.jpg?v=1654882755'], [4134, 'https://cdn.shopify.com/s/files/1/0384/0161/products/161880-33_20Saint_20Laurent_20West_20Hollywood_20Shoulder_20Bag_20Crocodile_20Embossed_20Leather_20Medium_2D_0002.jpg?v=1660327880'], [1687, 'https://cdn.shopify.com/s/files/1/0384/0161/products/137079-36_20Louis_20Vuitton_20Josh_20Backpack_20Macassar_20Monogram_20Canvas_2D_0002.jpg?v=1655477175'], [1728, 'https://cdn.shopify.com/s/files/1/0384/0161/products/151004-2_20Louis_20Vuitton_20Josh_20Backpack_20Macassar_20Monogram_20Canvas_2D_0002.jpg?v=1655479189'], [5914, 'https://cdn.shopify.com/s/files/1/0384/0161/products/143272-77_20Louis_20Vuitton_20Neverfull_20NM_20Tote_20Limited_20Edition_20Escale_20Monogram_20Giant_20MM_2D_0002.jpg?v=1653673383'], [4199, 'https://cdn.shopify.com/s/files/1/0384/0161/products/162751-13_20Fendi_20Shopper_20Tote_20Joshua_20Vides_20Zucca_20Coated_20Canvas_20Large_2D_0002.jpg?v=1660333607'], [568, 'https://cdn.shopify.com/s/files/1/0384/0161/products/125911-321_20Chanel_20Name_20Plate_20Tote_20Quilted_20Glazed_20Calfskin_20Medium_2D_0002.jpg?v=1644585865'], [3570, 'https://cdn.shopify.com/s/files/1/0384/0161/products/162498-1_20Louis_20Vuitton_20Noe_20Handbag_20Monogram_20Canvas_20Large_2D_0002.jpg?v=1659280939'], [2053, 'https://cdn.shopify.com/s/files/1/0384/0161/products/154312-1_20Saint_20Laurent_20Classic_20Monogram_20Tassel_20Crossbody_20Bag_20Grainy_20Leather_20Small_2D_0002.jpg?v=1656093052']]",manhattan,1.7486298084259033,0.2,0.6,0.2
15,12236,,15.751615047454834,"[12162, 'https://cdn.shopify.com/s/files/1/0384/0161/products/153540-1_20Chanel_20Classic_20Double_20Flap_20Bag_20Quilted_20Caviar_20Medium_2D_0002.jpg?v=1655481495']","[[12175, 'https://cdn.shopify.com/s/files/1/0384/0161/products/153969-1_20Chanel_20Classic_20Double_20Flap_20Bag_20Quilted_20Caviar_20Medium_2D_0002.jpg?v=1655482826'], [12135, 'https://cdn.shopify.com/s/files/1/0384/0161/products/141768-70_20Chanel_20Classic_20Double_20Flap_20Bag_20Quilted_20Caviar_20Medium_2D_0002.jpg?v=1655476937'], [12008, 'https://cdn.shopify.com/s/files/1/0384/0161/products/149492-1_20Chanel_20Classic_20Double_20Flap_20Bag_20Alligator_20Jumbo_2D_0002.jpg?v=1654290989'], [11786, 'https://cdn.shopify.com/s/files/1/0384/0161/products/146013-1_20Hermes_20In_20and_20Out_20Kelly_20Handbag_20Limited_20Edition_20Swift_20with_20Palladium_20Hardware_2025_2D_0002.jpg?v=1652464965'], [11640, 'https://cdn.shopify.com/s/files/1/0384/0161/products/131292-47_20Hermes_20In_20and_20Out_20Kelly_20Handbag_20Limited_20Edition_20Swift_20with_20Palladium_20Hardware_2025_2D_0002.jpg?v=1650887224'], [11949, 'https://cdn.shopify.com/s/files/1/0384/0161/products/148283-1_20Chanel_20Classic_20Double_20Flap_20Bag_20Quilted_20Caviar_20Jumbo_2D_0002.jpg?v=1654279216'], [11875, 'https://cdn.shopify.com/s/files/1/0384/0161/products/147788-1_20Hermes_20Constance_20Marquette_20Bag_20Graine_20Monsieur_20with_20Lizard_2024_2D_0002.jpg?v=1653667253'], [11959, 'https://cdn.shopify.com/s/files/1/0384/0161/products/144745-1_20Hermes_20Birkin_20Sellier_20Bag_20Bicolor_20Epsom_20with_20Brushed_20Gold_20Hardware_2025_2D_0002.jpg?v=1654281554'], [12060, 'https://cdn.shopify.com/s/files/1/0384/0161/products/135993-11_20Hermes_20In_20and_20Out_20Birkin_20Bag_20Limited_20Edition_20Swift_20with_20Palladium_20Hardware_2025_2D_0002.jpg?v=1654878147'], [12146, 'https://cdn.shopify.com/s/files/1/0384/0161/products/146632-1_20Hermes_20Birkin_20Sellier_20Bag_20Brown_20Epsom_20with_20Gold_20Hardware_2030_2D_0002.jpg?v=1655478501']]",cosine,1.7045917510986328,0.7,0.4,0.4
16,12236,,24.108124017715454,"[12162, 'https://cdn.shopify.com/s/files/1/0384/0161/products/153540-1_20Chanel_20Classic_20Double_20Flap_20Bag_20Quilted_20Caviar_20Medium_2D_0002.jpg?v=1655481495']","[[12175, 'https://cdn.shopify.com/s/files/1/0384/0161/products/153969-1_20Chanel_20Classic_20Double_20Flap_20Bag_20Quilted_20Caviar_20Medium_2D_0002.jpg?v=1655482826'], [12135, 'https://cdn.shopify.com/s/files/1/0384/0161/products/141768-70_20Chanel_20Classic_20Double_20Flap_20Bag_20Quilted_20Caviar_20Medium_2D_0002.jpg?v=1655476937'], [11949, 'https://cdn.shopify.com/s/files/1/0384/0161/products/148283-1_20Chanel_20Classic_20Double_20Flap_20Bag_20Quilted_20Caviar_20Jumbo_2D_0002.jpg?v=1654279216'], [12189, 'https://cdn.shopify.com/s/files/1/0384/0161/products/143795-89_20Louis_20Vuitton_20Keepall_20Bandouliere_20Bag_20Limited_20Edition_20Supreme_20Epi_20Leather_2045_2D_0002.jpg?v=1655484133'], [11952, 'https://cdn.shopify.com/s/files/1/0384/0161/products/149632-1_20Chanel_20Classic_20Double_20Flap_20Bag_20Quilted_20Ca_2D_0002.jpg?v=1654279990'], [11454, 'https://cdn.shopify.com/s/files/1/0384/0161/products/130397-4_20Hermes_20Jige_20Elan_20Clutch_20Crocodile_2029_2D_0002.jpg?v=1646081205'], [11886, 'https://cdn.shopify.com/s/files/1/0384/0161/products/144492-1_20Rolex_20Oyster_20Perpetual_20Automatic_20Watch_20St_2D_0002.jpg?v=1653673495'], [12055, 'https://cdn.shopify.com/s/files/1/0384/0161/products/131786-22_20Hermes_20Kelly_20Blue_20Courchevel_20with_20Gold_20Hardware_2032_2D_0002.jpg?v=1654877442'], [12031, 'https://cdn.shopify.com/s/files/1/0384/0161/products/138149-3_20Hermes_20Kelly_20Handbag_20Black_20Ardennes_20with_20Gold_20Hardware_2035_2D_0002.jpg?v=1654872620'], [11947, 'https://cdn.shopify.com/s/files/1/0384/0161/products/147401-1_20Chanel_20Classic_20Double_20Flap_20Bag_20Quilted_20Caviar_20Jumbo_2D_0002.jpg?v=1654278850']]",euclidean,1.6678569316864014,0.5,0.5,0.5
17,12236,,34.83838391304016,"[12162, 'https://cdn.shopify.com/s/files/1/0384/0161/products/153540-1_20Chanel_20Classic_20Double_20Flap_20Bag_20Quilted_20Caviar_20Medium_2D_0002.jpg?v=1655481495']","[[12135, 'https://cdn.shopify.com/s/files/1/0384/0161/products/141768-70_20Chanel_20Classic_20Double_20Flap_20Bag_20Quilted_20Caviar_20Medium_2D_0002.jpg?v=1655476937'], [12175, 'https://cdn.shopify.com/s/files/1/0384/0161/products/153969-1_20Chanel_20Classic_20Double_20Flap_20Bag_20Quilted_20Caviar_20Medium_2D_0002.jpg?v=1655482826'], [11949, 'https://cdn.shopify.com/s/files/1/0384/0161/products/148283-1_20Chanel_20Classic_20Double_20Flap_20Bag_20Quilted_20Caviar_20Jumbo_2D_0002.jpg?v=1654279216'], [12189, 'https://cdn.shopify.com/s/files/1/0384/0161/products/143795-89_20Louis_20Vuitton_20Keepall_20Bandouliere_20Bag_20Limited_20Edition_20Supreme_20Epi_20Leather_2045_2D_0002.jpg?v=1655484133'], [11952, 'https://cdn.shopify.com/s/files/1/0384/0161/products/149632-1_20Chanel_20Classic_20Double_20Flap_20Bag_20Quilted_20Ca_2D_0002.jpg?v=1654279990'], [11454, 'https://cdn.shopify.com/s/files/1/0384/0161/products/130397-4_20Hermes_20Jige_20Elan_20Clutch_20Crocodile_2029_2D_0002.jpg?v=1646081205'], [11886, 'https://cdn.shopify.com/s/files/1/0384/0161/products/144492-1_20Rolex_20Oyster_20Perpetual_20Automatic_20Watch_20St_2D_0002.jpg?v=1653673495'], [12055, 'https://cdn.shopify.com/s/files/1/0384/0161/products/131786-22_20Hermes_20Kelly_20Blue_20Courchevel_20with_20Gold_20Hardware_2032_2D_0002.jpg?v=1654877442'], [12031, 'https://cdn.shopify.com/s/files/1/0384/0161/products/138149-3_20Hermes_20Kelly_20Handbag_20Black_20Ardennes_20with_20Gold_20Hardware_2035_2D_0002.jpg?v=1654872620'], [11947, 'https://cdn.shopify.com/s/files/1/0384/0161/products/147401-1_20Chanel_20Classic_20Double_20Flap_20Bag_20Quilted_20Caviar_20Jumbo_2D_0002.jpg?v=1654278850']]",manhattan,1.7966837882995605,0.5,0.5,0.5
18,12236,,16.149951934814453,"[11995, 'https://cdn.shopify.com/s/files/1/0384/0161/products/141768-185_20Hermes_20Jige_20Elan_20Clutch_20Swift_2029_2D_0002.jpg?v=1654287931']","[[11454, 'https://cdn.shopify.com/s/files/1/0384/0161/products/130397-4_20Hermes_20Jige_20Elan_20Clutch_20Crocodile_2029_2D_0002.jpg?v=1646081205'], [12172, 'https://cdn.shopify.com/s/files/1/0384/0161/products/135405-16_20Hermes_20Jige_20Elan_20Clutch_20Swift_2029_2D_0002.jpg?v=1655482612'], [11973, 'https://cdn.shopify.com/s/files/1/0384/0161/products/138633-214_20Hermes_20Jige_20Elan_20Clutch_20Swift_2029_2D_0002.jpg?v=1654283751'], [12073, 'https://cdn.shopify.com/s/files/1/0384/0161/products/137664-52_20Hermes_20Birkin_20Handbag_20Pink_20Togo_20With_20Gold_20Hardware_2035_2D_0002.jpg?v=1654880672'], [11675, 'https://cdn.shopify.com/s/files/1/0384/0161/products/142056-1_20Hermes_20Verrou_20Bag_20Epsom_2023_2D_0002.jpg?v=1651251771'], [12070, 'https://cdn.shopify.com/s/files/1/0384/0161/products/141768-236_20Hermes_202424_20Bag_20Maurice_20with_20Swift_2035_2D_0002.jpg?v=1654880216'], [12030, 'https://cdn.shopify.com/s/files/1/0384/0161/products/138149-2_20Hermes_202424_20Bag_20Togo_20with_20Swift_2035_2D_0002.jpg?v=1654872604'], [11800, 'https://cdn.shopify.com/s/files/1/0384/0161/products/147979-1_20Chanel_20Classic_20Double_20Flap_20Bag_20Quilted_20Lambskin_20Medium_2D_0002.jpg?v=1652472560'], [12113, 'https://cdn.shopify.com/s/files/1/0384/0161/products/130825-17_20Hermes_20Kelly_20Handbag_20Black_20Box_20Calf_20with_20Gold_20Hardware_2035_2D_0002.jpg?v=1651850259'], [11988, 'https://cdn.shopify.com/s/files/1/0384/0161/products/137665-64_20Hermes_20Kelly_20Handbag_20Green_20Togo_20with_20Palladium_20Hardware_2032_2D_0002.jpg?v=1654286316']]",cosine,1.798830270767212,0.3,0.9,0.1
19,12236,,24.669846057891846,"[11995, 'https://cdn.shopify.com/s/files/1/0384/0161/products/141768-185_20Hermes_20Jige_20Elan_20Clutch_20Swift_2029_2D_0002.jpg?v=1654287931']","[[11537, 'https://cdn.shopify.com/s/files/1/0384/0161/products/126635-139_20Louis_20Vuitton_20Freedom_20Handbag_20Calfskin_2D_0002.jpg?v=1648483516'], [11704, 'https://cdn.shopify.com/s/files/1/0384/0161/products/131767-272_20Louis_20Vuitton_20Trio_20Messenger_20Bag_20Damier_20Salt_20Canvas_2D_0002.jpg?v=1651863755'], [11865, 'https://cdn.shopify.com/s/files/1/0384/0161/products/141768-137_20Chanel_20Timeless_20CC_20Chain_20Shopping_20Tote_20Shiny_20Aged_20Calfskin_20Large_2D_0002.jpg?v=1653663368'], [11470, 'https://cdn.shopify.com/s/files/1/0384/0161/products/118037-8_20Louis_20Vuitton_20City_20Steamer_20Handbag_20Limite_2D_0002.jpg?v=1646682299'], [12018, 'https://cdn.shopify.com/s/files/1/0384/0161/products/121292-34_20Christian_20Dior_20Book_20Tote_20Oblique_20Velvet_20Mini_2D_0002.jpg?v=1645227423'], [12188, 'https://cdn.shopify.com/s/files/1/0384/0161/products/154124-2_20Louis_20Vuitton_20Ambassadeur_20Bag_20Monogram_20Seal_20Leather_20PM_2D_0002.jpg?v=1655484063'], [12165, 'https://cdn.shopify.com/s/files/1/0384/0161/products/153856-1_20Louis_20Vuitton_20Lockme_20Backpack_20Leather_2D_0002.jpg?v=1655481844'], [11490, 'https://cdn.shopify.com/s/files/1/0384/0161/products/118037-78_20Louis_20Vuitton_20Soft_20Trunk_20Bag_20Colorblock_20Epi_20Leather_20Mini_2D_0002.jpg?v=1647281414'], [11616, 'https://cdn.shopify.com/s/files/1/0384/0161/products/128807-131_20Louis_20Vuitton_20Keepall_20Bandouliere_20Bag_20Limited_20Edition_20FIFA_20World_20Cup_20Epi_20Leather_2D_0002.jpg?v=1650903635'], [11681, 'https://cdn.shopify.com/s/files/1/0384/0161/products/142805-1_20Louis_20Vuitton_20Haumea_20Handbag_20Mahina_20Leather_2D_0002.jpg?v=1651248787']]",euclidean,1.7545270919799805,0.0,0.0,0.0
20,12236,,35.198797941207886,"[11995, 'https://cdn.shopify.com/s/files/1/0384/0161/products/141768-185_20Hermes_20Jige_20Elan_20Clutch_20Swift_2029_2D_0002.jpg?v=1654287931']","[[11537, 'https://cdn.shopify.com/s/files/1/0384/0161/products/126635-139_20Louis_20Vuitton_20Freedom_20Handbag_20Calfskin_2D_0002.jpg?v=1648483516'], [11704, 'https://cdn.shopify.com/s/files/1/0384/0161/products/131767-272_20Louis_20Vuitton_20Trio_20Messenger_20Bag_20Damier_20Salt_20Canvas_2D_0002.jpg?v=1651863755'], [11470, 'https://cdn.shopify.com/s/files/1/0384/0161/products/118037-8_20Louis_20Vuitton_20City_20Steamer_20Handbag_20Limite_2D_0002.jpg?v=1646682299'], [11865, 'https://cdn.shopify.com/s/files/1/0384/0161/products/141768-137_20Chanel_20Timeless_20CC_20Chain_20Shopping_20Tote_20Shiny_20Aged_20Calfskin_20Large_2D_0002.jpg?v=1653663368'], [12018, 'https://cdn.shopify.com/s/files/1/0384/0161/products/121292-34_20Christian_20Dior_20Book_20Tote_20Oblique_20Velvet_20Mini_2D_0002.jpg?v=1645227423'], [12165, 'https://cdn.shopify.com/s/files/1/0384/0161/products/153856-1_20Louis_20Vuitton_20Lockme_20Backpack_20Leather_2D_0002.jpg?v=1655481844'], [12188, 'https://cdn.shopify.com/s/files/1/0384/0161/products/154124-2_20Louis_20Vuitton_20Ambassadeur_20Bag_20Monogram_20Seal_20Leather_20PM_2D_0002.jpg?v=1655484063'], [11681, 'https://cdn.shopify.com/s/files/1/0384/0161/products/142805-1_20Louis_20Vuitton_20Haumea_20Handbag_20Mahina_20Leather_2D_0002.jpg?v=1651248787'], [11490, 'https://cdn.shopify.com/s/files/1/0384/0161/products/118037-78_20Louis_20Vuitton_20Soft_20Trunk_20Bag_20Colorblock_20Epi_20Leather_20Mini_2D_0002.jpg?v=1647281414'], [11616, 'https://cdn.shopify.com/s/files/1/0384/0161/products/128807-131_20Louis_20Vuitton_20Keepall_20Bandouliere_20Bag_20Limited_20Edition_20FIFA_20World_20Cup_20Epi_20Leather_2D_0002.jpg?v=1650903635']]",manhattan,1.7465808391571045,0.0,0.0,0.0
21,12236,,16.788650035858154,"[8559, 'https://cdn.shopify.com/s/files/1/0384/0161/products/156950-1_20Gucci_20Emily_20Continental_20Wallet_20Guccissima_20Leather_20Long_2D_0002.jpg?v=1659286735']","[[9654, 'https://cdn.shopify.com/s/files/1/0384/0161/products/166943-1_20Gucci_20GG_20Marmont_20Flap_20Card_20Case_20Leather_2D_0002.jpg?v=1662146245'], [11193, 'https://cdn.shopify.com/s/files/1/0384/0161/products/160126-4_20Gucci_20GG_20Marmont_20Key_20Pouch_20Matelasse_20Leat_2D_0002.jpg?v=1659285266'], [9931, 'https://cdn.shopify.com/s/files/1/0384/0161/products/142776-1_20Louis_20Vuitton_20Card_20Holder_20Monogram_20Empreinte_20Leather_2D_0002.jpg?v=1651867162'], [9942, 'https://cdn.shopify.com/s/files/1/0384/0161/products/143586-1_20Gucci_20GG_20Marmont_20Zip_20Around_20Wallet_20Leather_2D_0002.jpg?v=1651856831'], [9965, 'https://cdn.shopify.com/s/files/1/0384/0161/products/143411-1_20Gucci_20GG_20Marmont_20Zip_20Around_20Wallet_20Leather_2D_0002.jpg?v=1651253489'], [9871, 'https://cdn.shopify.com/s/files/1/0384/0161/products/143705-3_20Louis_20Vuitton_20Card_20Holder_20Monogram_20Emprei_2D_0002.jpg?v=1653072514'], [11021, 'https://cdn.shopify.com/s/files/1/0384/0161/products/170675-1_20Gucci_20GG_20Marmont_20Flap_20Card_20Case_20Leather_2D_0002.jpg?v=1664570275'], [8544, 'https://cdn.shopify.com/s/files/1/0384/0161/products/159674-122_20Prada_20Bifold_20Wallet_20Saffiano_20Leather_20Small_2D_0002.jpg?v=1659285001'], [281, 'https://cdn.shopify.com/s/files/1/0384/0161/products/133362-1_20Chanel_20Vintage_20CC_20Charm_20Tote_20Quilted_20Lambskin_20Medium_2D_0002.jpg?v=1647879571'], [8618, 'https://cdn.shopify.com/s/files/1/0384/0161/products/126635-41_20Bottega_20Veneta_20Trifold_20Wallet_20Intrecciato_20Nappa_20Mini_2D_0002.jpg?v=1650914877']]",cosine,1.705197811126709,0.9,0.5,1.0
22,12236,,25.05005121231079,"[8559, 'https://cdn.shopify.com/s/files/1/0384/0161/products/156950-1_20Gucci_20Emily_20Continental_20Wallet_20Guccissima_20Leather_20Long_2D_0002.jpg?v=1659286735']","[[8781, 'https://cdn.shopify.com/s/files/1/0384/0161/products/131767-226_20Celine_20C_20Charm_20Zip_20Around_20Wallet_20Quilted_20Leather_20Long_2D_0002.jpg?v=1652469093'], [8753, 'https://cdn.shopify.com/s/files/1/0384/0161/products/147475-2_20Gucci_20GG_20Marmont_20Belt_20Leather_20Medium_2D_0002.jpg?v=1653682393'], [7986, 'https://cdn.shopify.com/s/files/1/0384/0161/products/134869-3_20Gucci_20Dionysus_20Belt_20Leather_20Medium_2D_0002.jpg?v=1648485883'], [7664, 'https://cdn.shopify.com/s/files/1/0384/0161/products/141768-83_20Louis_20Vuitton_20Classique_20Belt_20Taiga_20Leath_2D_0002.jpg?v=1655487851'], [10865, 'https://cdn.shopify.com/s/files/1/0384/0161/products/171776-1_20Valentino_20Women_s_20VLogo_20Shegoes_20Sneakers_20Leather_2D_0002.jpg?v=1663971036'], [10205, 'https://cdn.shopify.com/s/files/1/0384/0161/products/167422-3_20Gucci_20GG_20Marmont_20Belt_20Leather_20Wide_2D_0002.jpg?v=1663358148'], [10851, 'https://cdn.shopify.com/s/files/1/0384/0161/products/172957-4_20Louis_20Vuitton_20Porte-Monnaie_20Plat_20Coin_20Purse_20Monogram_20Multicolor_2D_0002.jpg?v=1663970445'], [8834, 'https://cdn.shopify.com/s/files/1/0384/0161/products/137105-17_20Gucci_20Signet_20Cocktail_20Ring_20Sterling_20Silv_2D_0002.jpg?v=1654290415'], [8833, 'https://cdn.shopify.com/s/files/1/0384/0161/products/148191-1_20Bottega_20Veneta_20Coin_20Pocket_20Card_20Holder_20Intrecciato_20Leather_2D_0002.jpg?v=1654287741'], [7911, 'https://cdn.shopify.com/s/files/1/0384/0161/products/128385-516_20Gucci_20Animalier_20Bow_20Wide_20Brim_20Hat_20Felt_2D_0002.jpg?v=1651855562']]",euclidean,1.6463611125946045,0.3,0.5,0.9
23,12236,,35.44234299659729,"[8559, 'https://cdn.shopify.com/s/files/1/0384/0161/products/156950-1_20Gucci_20Emily_20Continental_20Wallet_20Guccissima_20Leather_20Long_2D_0002.jpg?v=1659286735']","[[7986, 'https://cdn.shopify.com/s/files/1/0384/0161/products/134869-3_20Gucci_20Dionysus_20Belt_20Leather_20Medium_2D_0002.jpg?v=1648485883'], [8781, 'https://cdn.shopify.com/s/files/1/0384/0161/products/131767-226_20Celine_20C_20Charm_20Zip_20Around_20Wallet_20Quilted_20Leather_20Long_2D_0002.jpg?v=1652469093'], [8753, 'https://cdn.shopify.com/s/files/1/0384/0161/products/147475-2_20Gucci_20GG_20Marmont_20Belt_20Leather_20Medium_2D_0002.jpg?v=1653682393'], [10865, 'https://cdn.shopify.com/s/files/1/0384/0161/products/171776-1_20Valentino_20Women_s_20VLogo_20Shegoes_20Sneakers_20Leather_2D_0002.jpg?v=1663971036'], [10205, 'https://cdn.shopify.com/s/files/1/0384/0161/products/167422-3_20Gucci_20GG_20Marmont_20Belt_20Leather_20Wide_2D_0002.jpg?v=1663358148'], [7664, 'https://cdn.shopify.com/s/files/1/0384/0161/products/141768-83_20Louis_20Vuitton_20Classique_20Belt_20Taiga_20Leath_2D_0002.jpg?v=1655487851'], [9742, 'https://cdn.shopify.com/s/files/1/0384/0161/products/155430-5_20Louis_20Vuitton_20Sarah_20Wallet_20NM_20Monogram_20Vernis_2D_0002.jpg?v=1656092982'], [8759, 'https://cdn.shopify.com/s/files/1/0384/0161/products/134333-256_20Gucci_20Duchessa_20Boston_20Bag_20Leather_20Medium_2D_0002.jpg?v=1653661403'], [8754, 'https://cdn.shopify.com/s/files/1/0384/0161/products/145621-3_20Prada_20French_20Wallet_20Saffiano_20Leather_20Compact_2D_0002.jpg?v=1653677321'], [10265, 'https://cdn.shopify.com/s/files/1/0384/0161/products/169042-169_20Gucci_20GG_20Marmont_20Flap_20Card_20Case_20Matelasse_20Leather_2D_0002.jpg?v=1663362493']]",manhattan,1.7807791233062744,0.4,0.5,0.7
24,12236,,15.4963698387146,"[6211, 'https://cdn.shopify.com/s/files/1/0384/0161/products/158595-1_20Chanel_20Wallet_20on_20Chain_20Quilted_20Caviar_2D_0002.jpg?v=1657302795']","[[4184, 'https://cdn.shopify.com/s/files/1/0384/0161/products/165657-1_20Chanel_20Wallet_20on_20Chain_20Quilted_20Caviar_2D_0002.jpg?v=1660331619'], [4960, 'https://cdn.shopify.com/s/files/1/0384/0161/products/153486-1_20Chanel_20Wallet_20on_20Chain_20Quilted_20Caviar_2D_0002.jpg?v=1656689473'], [11881, 'https://cdn.shopify.com/s/files/1/0384/0161/products/143719-1_20Chanel_20Classic_20Double_20Flap_20Bag_20Quilted_20Caviar_20Jumbo_2D_0002.jpg?v=1653671585'], [11436, 'https://cdn.shopify.com/s/files/1/0384/0161/products/118037-114_20Chanel_20Classic_20Double_20Flap_20Bag_20Quilted_2D_0002.jpg?v=1646068564'], [11460, 'https://cdn.shopify.com/s/files/1/0384/0161/products/118037-239_20Chanel_20Classic_20Double_20Flap_20Bag_20Quilted_20Caviar_20Jumbo_2D_0002.jpg?v=1646672126'], [12090, 'https://cdn.shopify.com/s/files/1/0384/0161/products/151810-1_20Chanel_20Classic_20Double_20Flap_20Bag_20Quilted_20Caviar_20Jumbo_2D_0002.jpg?v=1654883127'], [11493, 'https://cdn.shopify.com/s/files/1/0384/0161/products/128134-1_20Chanel_20Boy_20Flap_20Bag_20Quilted_20Caviar_20Old_20Me_2D_0002.jpg?v=1647283040'], [11394, 'https://cdn.shopify.com/s/files/1/0384/0161/products/114722-300_20Chanel_20Classic_20Double_20Flap_20Bag_20Quilted_2D_0002.jpg?v=1643910527'], [12181, 'https://cdn.shopify.com/s/files/1/0384/0161/products/144848-4_20Chanel_20Classic_20Double_20Flap_20Bag_20Quilted_20Caviar_20Jumbo_2D_0002.jpg?v=1655483624'], [11947, 'https://cdn.shopify.com/s/files/1/0384/0161/products/147401-1_20Chanel_20Classic_20Double_20Flap_20Bag_20Quilted_20Caviar_20Jumbo_2D_0002.jpg?v=1654278850']]",cosine,1.7123520374298096,0.3,1.0,0.6
25,12236,,23.808600187301636,"[6211, 'https://cdn.shopify.com/s/files/1/0384/0161/products/158595-1_20Chanel_20Wallet_20on_20Chain_20Quilted_20Caviar_2D_0002.jpg?v=1657302795']","[[6273, 'https://cdn.shopify.com/s/files/1/0384/0161/products/162815-1_20Chanel_20Wallet_20on_20Chain_20Quilted_20Lambskin_2D_0002.jpg?v=1659726424'], [6260, 'https://cdn.shopify.com/s/files/1/0384/0161/products/161211-1_20Bottega_20Veneta_20Cassette_20Chain_20Crossbody_20Bag_20Padded_20Maxi_20Intrecciato_20Leather_2D_0002.jpg?v=1659730656'], [6290, 'https://cdn.shopify.com/s/files/1/0384/0161/products/156356-1_20Chanel_20CC_20Daily_20Shopping_20Tote_20Quilted_20Caviar_20Small_2D_0002.jpg?v=1659279998'], [6309, 'https://cdn.shopify.com/s/files/1/0384/0161/products/158166-1_20Loewe_20Puzzle_20Edge_20Bag_20Leather_20Small_2D_0002.jpg?v=1658501673'], [6359, 'https://cdn.shopify.com/s/files/1/0384/0161/products/156636-1_20Chanel_20CC_20in_20Love_20Heart_20Arm_20Zip_20Coin_20Purse_20Quilted_20Lambskin_2D_0002.jpg?v=1657299014'], [5646, 'https://cdn.shopify.com/s/files/1/0384/0161/products/124745-12_20Van_20Cleef_20_26_20Arpels_20Alhambra_20Cufflinks_2018_2D_0002.jpg?v=1647291157'], [6368, 'https://cdn.shopify.com/s/files/1/0384/0161/products/145418-20_20Christian_20Dior_20Book_20Tote_20Embossed_20Leather_20Small_2D_0002.jpg?v=1656696423'], [6431, 'https://cdn.shopify.com/s/files/1/0384/0161/products/135405-49_20Christian_20Dior_20Book_20Tote_20Embossed_20Leather_20Medium_2D_0002.jpg?v=1656079039'], [6331, 'https://cdn.shopify.com/s/files/1/0384/0161/products/157929-7_20Bottega_20Veneta_20BV_20Jodie_20Hobo_20Intrecciato_20Nappa_20Teen_2D_0002.jpg?v=1658150742'], [6434, 'https://cdn.shopify.com/s/files/1/0384/0161/products/141768-436_20Louis_20Vuitton_20OnTheGo_20Tote_20Reverse_20Monogram_20Giant_20GM_2D_0002.jpg?v=1656080839']]",euclidean,1.646953821182251,0.3,0.3,0.1
26,12236,,34.17036485671997,"[6211, 'https://cdn.shopify.com/s/files/1/0384/0161/products/158595-1_20Chanel_20Wallet_20on_20Chain_20Quilted_20Caviar_2D_0002.jpg?v=1657302795']","[[6273, 'https://cdn.shopify.com/s/files/1/0384/0161/products/162815-1_20Chanel_20Wallet_20on_20Chain_20Quilted_20Lambskin_2D_0002.jpg?v=1659726424'], [6260, 'https://cdn.shopify.com/s/files/1/0384/0161/products/161211-1_20Bottega_20Veneta_20Cassette_20Chain_20Crossbody_20Bag_20Padded_20Maxi_20Intrecciato_20Leather_2D_0002.jpg?v=1659730656'], [6290, 'https://cdn.shopify.com/s/files/1/0384/0161/products/156356-1_20Chanel_20CC_20Daily_20Shopping_20Tote_20Quilted_20Caviar_20Small_2D_0002.jpg?v=1659279998'], [6309, 'https://cdn.shopify.com/s/files/1/0384/0161/products/158166-1_20Loewe_20Puzzle_20Edge_20Bag_20Leather_20Small_2D_0002.jpg?v=1658501673'], [6359, 'https://cdn.shopify.com/s/files/1/0384/0161/products/156636-1_20Chanel_20CC_20in_20Love_20Heart_20Arm_20Zip_20Coin_20Purse_20Quilted_20Lambskin_2D_0002.jpg?v=1657299014'], [5646, 'https://cdn.shopify.com/s/files/1/0384/0161/products/124745-12_20Van_20Cleef_20_26_20Arpels_20Alhambra_20Cufflinks_2018_2D_0002.jpg?v=1647291157'], [6431, 'https://cdn.shopify.com/s/files/1/0384/0161/products/135405-49_20Christian_20Dior_20Book_20Tote_20Embossed_20Leather_20Medium_2D_0002.jpg?v=1656079039'], [6368, 'https://cdn.shopify.com/s/files/1/0384/0161/products/145418-20_20Christian_20Dior_20Book_20Tote_20Embossed_20Leather_20Small_2D_0002.jpg?v=1656696423'], [6424, 'https://cdn.shopify.com/s/files/1/0384/0161/products/141768-43_20Chanel_20Gabrielle_20Hobo_20Quilted_20Metallic_20Aged_20Calfskin_20Large_2D_0002.jpg?v=1656094351'], [6434, 'https://cdn.shopify.com/s/files/1/0384/0161/products/141768-436_20Louis_20Vuitton_20OnTheGo_20Tote_20Reverse_20Monogram_20Giant_20GM_2D_0002.jpg?v=1656080839']]",manhattan,1.7549779415130615,0.3,0.4,0.1
27,12236,,16.36623525619507,"[9718, 'https://cdn.shopify.com/s/files/1/0384/0161/products/149902-213_20Prada_20Flap_20Wallet_20Saffiano_20Leather_20Long_2D_0002.jpg?v=1656699668']","[[3549, 'https://cdn.shopify.com/s/files/1/0384/0161/products/154038-261_20Chloe_20Tess_20Bag_20Leather_20Small_2D_0002.jpg?v=1659279465'], [6087, 'https://cdn.shopify.com/s/files/1/0384/0161/products/173732-1_20Louis_20Vuitton_20Felicie_20Pochette_20Monogram_20Empreinte_20Leather_2D_0002.jpg?v=1664568094'], [1843, 'https://cdn.shopify.com/s/files/1/0384/0161/products/153516-1_20Chloe_20Tess_20Bag_20Leather_20Small_2D_0002.jpg?v=1655489397'], [178, 'https://cdn.shopify.com/s/files/1/0384/0161/products/129987-1_20Louis_20Vuitton_20Montaigne_20Handbag_20Monogram_20Empreinte_20Leather_20MM_2D_0002.jpg?v=1646679098'], [4067, 'https://cdn.shopify.com/s/files/1/0384/0161/products/159674-114_20Hermes_20Trifold_20Bearn_20Wallet_20Chevre_20Mysore_20Long_2D_0002.jpg?v=1659738053'], [6155, 'https://cdn.shopify.com/s/files/1/0384/0161/products/173704-1_20Prada_20Re-Edition_202005_20Shoulder_20Bag_20Saffiano_20Leather_20Small_2D_0002.jpg?v=1663970788'], [5250, 'https://cdn.shopify.com/s/files/1/0384/0161/products/169675-2_20Prada_20Re-Edition_202005_20Shoulder_20Bag_20Saffiano_20Leather_20Small_2D_0002.jpg?v=1662752553'], [5804, 'https://cdn.shopify.com/s/files/1/0384/0161/products/171202-76_20Prada_20Cuir_20Double_20Tote_20Saffiano_20Leather_20Large_2D_0002.jpg?v=1663964251'], [4604, 'https://cdn.shopify.com/s/files/1/0384/0161/products/163115-252_20Celine_20Folded_20Cabas_20Leather_20Small_2D_0002.jpg?v=1661521579'], [4371, 'https://cdn.shopify.com/s/files/1/0384/0161/products/137493-1_20Chanel_20Petite_20Shopping_20Tote_20Quilted_20Cavia_2D_0002.jpg?v=1649953967']]",cosine,1.7805497646331787,0.1,0.3,1.0
28,12236,,24.699268102645874,"[9718, 'https://cdn.shopify.com/s/files/1/0384/0161/products/149902-213_20Prada_20Flap_20Wallet_20Saffiano_20Leather_20Long_2D_0002.jpg?v=1656699668']","[[8714, 'https://cdn.shopify.com/s/files/1/0384/0161/products/142418-1_20Prada_20Bifold_20Zip_20Around_20Wallet_20Saffiano_20Leather_20Compact_2D_0002.jpg?v=1651252879'], [8544, 'https://cdn.shopify.com/s/files/1/0384/0161/products/159674-122_20Prada_20Bifold_20Wallet_20Saffiano_20Leather_20Small_2D_0002.jpg?v=1659285001'], [10788, 'https://cdn.shopify.com/s/files/1/0384/0161/products/172995-1_20Gucci_20Zip_20Around_20Wallet_20GG_20Coated_20Canvas_20Long_2D_0002.jpg?v=1663966859'], [8653, 'https://cdn.shopify.com/s/files/1/0384/0161/products/138619-4_20Louis_20Vuitton_20Reade_20Handbag_20Monogram_20Vernis_20PM_2D_0002.jpg?v=1649455893'], [10053, 'https://cdn.shopify.com/s/files/1/0384/0161/products/170574-2_20Hermes_20Women_s_20Oran_20Sandals_20Leather_2D_0002.jpg?v=1662755518'], [9779, 'https://cdn.shopify.com/s/files/1/0384/0161/products/145429-305_20Hermes_20Glove_20Holder_20Bag_20Charm_20Studded_20L_2D_0002.jpg?v=1655492576'], [8502, 'https://cdn.shopify.com/s/files/1/0384/0161/products/158841-251_20Gucci_20Men_s_20Screener_20High-Top_20Sneakers_20Leather_20with_20Nubuck_2D_0002.jpg?v=1658518154'], [8691, 'https://cdn.shopify.com/s/files/1/0384/0161/products/134177-2_20Chanel_20Ring_20Agenda_20Cover_20Goatskin_20Small_2D_0002.jpg?v=1649098653'], [9843, 'https://cdn.shopify.com/s/files/1/0384/0161/products/136549-94_20Salvatore_20Ferragamo_20Vara_20Bow_20Wallet_20on_20C_2D_0002.jpg?v=1653670345'], [11013, 'https://cdn.shopify.com/s/files/1/0384/0161/products/174268-1_20Chloe_20Paraty_20Top_20Handle_20Bag_20Leather_20Mediu_2D_0002.jpg?v=1664569819']]",euclidean,1.6982731819152832,0.3,0.2,0.4
29,12236,,35.14113521575928,"[9718, 'https://cdn.shopify.com/s/files/1/0384/0161/products/149902-213_20Prada_20Flap_20Wallet_20Saffiano_20Leather_20Long_2D_0002.jpg?v=1656699668']","[[8544, 'https://cdn.shopify.com/s/files/1/0384/0161/products/159674-122_20Prada_20Bifold_20Wallet_20Saffiano_20Leather_20Small_2D_0002.jpg?v=1659285001'], [8714, 'https://cdn.shopify.com/s/files/1/0384/0161/products/142418-1_20Prada_20Bifold_20Zip_20Around_20Wallet_20Saffiano_20Leather_20Compact_2D_0002.jpg?v=1651252879'], [10788, 'https://cdn.shopify.com/s/files/1/0384/0161/products/172995-1_20Gucci_20Zip_20Around_20Wallet_20GG_20Coated_20Canvas_20Long_2D_0002.jpg?v=1663966859'], [9843, 'https://cdn.shopify.com/s/files/1/0384/0161/products/136549-94_20Salvatore_20Ferragamo_20Vara_20Bow_20Wallet_20on_20C_2D_0002.jpg?v=1653670345'], [8691, 'https://cdn.shopify.com/s/files/1/0384/0161/products/134177-2_20Chanel_20Ring_20Agenda_20Cover_20Goatskin_20Small_2D_0002.jpg?v=1649098653'], [8502, 'https://cdn.shopify.com/s/files/1/0384/0161/products/158841-251_20Gucci_20Men_s_20Screener_20High-Top_20Sneakers_20Leather_20with_20Nubuck_2D_0002.jpg?v=1658518154'], [11013, 'https://cdn.shopify.com/s/files/1/0384/0161/products/174268-1_20Chloe_20Paraty_20Top_20Handle_20Bag_20Leather_20Mediu_2D_0002.jpg?v=1664569819'], [9779, 'https://cdn.shopify.com/s/files/1/0384/0161/products/145429-305_20Hermes_20Glove_20Holder_20Bag_20Charm_20Studded_20L_2D_0002.jpg?v=1655492576'], [8653, 'https://cdn.shopify.com/s/files/1/0384/0161/products/138619-4_20Louis_20Vuitton_20Reade_20Handbag_20Monogram_20Vernis_20PM_2D_0002.jpg?v=1649455893'], [8711, 'https://cdn.shopify.com/s/files/1/0384/0161/products/134842-1_20Louis_20Vuitton_20Luggage_20Tag_20Limited_20Edition_20Supreme_20Epi_20Leather_2D_0002.jpg?v=1651254689']]",manhattan,1.8038668632507324,0.3,0.2,0.4
